block,branch,stage,regime,lag,median,q25,q75,n_curves
1,long,1,calm,0,0.0714879849354441,0.0601042916065309,0.0844865085185173,640
1,long,1,calm,1,0.0474925357310348,0.041625511689153,0.0538415886486878,640
1,long,1,calm,2,0.0373879381260419,0.0335761748551621,0.0413674306306834,640
1,long,1,calm,3,0.0315513292506488,0.0288279451778039,0.0343121845019686,640
1,long,1,calm,4,0.0276592725002725,0.0256124651567591,0.02967951912057,640
1,long,1,calm,5,0.024838411503195,0.0232533388474165,0.0263626491676149,640
1,long,1,calm,6,0.0226790684589077,0.021429079778474,0.0238491901844386,640
1,long,1,calm,7,0.0209609017956127,0.0199649299059794,0.0218664797017617,640
1,long,1,calm,8,0.0195537462495137,0.0187567224863844,0.0202548826669685,640
1,long,1,calm,9,0.0183752414996709,0.0177380339951441,0.0189141732544239,640
1,long,1,calm,10,0.0173704620744476,0.0168642627400003,0.0177779678925083,640
1,long,1,calm,11,0.0165012225044934,0.0161042099013741,0.0168003973304364,640
1,long,1,calm,12,0.0157400634138599,0.0154353153301701,0.0159486594194774,640
1,long,1,calm,13,0.0150666782691371,0.0148408106470343,0.0151986194012672,640
1,long,1,calm,14,0.0144656919590805,0.0143079401751346,0.0145320888494655,640
1,long,1,calm,15,0.0139252264332503,0.0138268067214715,0.0139350770429706,640
1,long,1,calm,16,0.0134359442135085,0.0133895985028719,0.0133966300359889,640
1,long,1,calm,17,0.0129903926270859,0.0129080379791447,0.01299005695331,640
1,long,1,calm,18,0.0125825432252609,0.0124622805044919,0.0126231015022715,640
1,long,1,calm,19,0.0122074613556051,0.0120536302641918,0.0122845594161737,640
1,long,1,calm,20,0.0118610646119569,0.0116773640886876,0.0119709676363456,640
1,long,1,calm,21,0.01153994327131,0.0113295489547685,0.0116794249969423,640
1,long,1,calm,22,0.0112412247867304,0.0110068809568321,0.0114074803619196,640
1,long,1,calm,23,0.0109624701284852,0.0107065624803469,0.0111530468054194,640
1,long,1,calm,24,0.0107015935046313,0.0104262073397815,0.010914334964642,640
1,long,1,calm,25,0.0104567994854875,0.0101637666772952,0.0106898007035482,640
1,long,1,calm,26,0.0102265332498786,0.0099174704737006,0.0104781035942558,640
1,long,1,calm,27,0.0100094408408793,0.0096857809392329,0.0102780736708243,640
1,long,1,calm,28,0.0098043371394777,0.0094673550425882,0.010088684576737,640
1,long,1,calm,29,0.0096101798485601,0.009261014140117,0.0099090317028718,640
1,long,1,calm,30,0.0094260482006386,0.0090657191730229,0.0097383142563359,640
1,long,1,calm,31,0.0092511254099707,0.0088805502688154,0.0095758204518249,640
1,long,1,calm,32,0.0090846841164522,0.0087046898545543,0.0094209152030022,640
1,long,1,calm,33,0.0089260742377404,0.008537408591317,0.0092730298302659,640
1,long,1,calm,34,0.0087747127733943,0.0083780535910537,0.0091316534060596,640
1,long,1,calm,35,0.0086300752015764,0.0082260384920797,0.0089963254386649,640
1,long,1,calm,36,0.0084916881830274,0.0080808350575066,0.0088666296566862,640
1,long,1,calm,37,0.0083591233443301,0.0079419660288169,0.0087421887038608,640
1,long,1,calm,38,0.0082319919570931,0.0078089990195656,0.0086226595908177,640
1,long,1,calm,39,0.0081099403646619,0.0076815412755014,0.0085077297794567,640
1,long,1,calm,40,0.0079926460355854,0.0075592351599535,0.0083971137985913,640
1,long,1,calm,41,0.0078798141449946,0.0074417542491566,0.0082905503077759,640
1,long,1,calm,42,0.0077711746025919,0.0073287999427861,0.0081877995408713,640
1,long,1,calm,43,0.007666479460034,0.007220098511517,0.0080886410726781,640
1,long,1,calm,44,0.0075655006418894,0.0071153985167636,0.0079928718615048,640
1,long,1,calm,45,0.0074680279535994,0.0070144685485841,0.0079003045282921,640
1,long,1,calm,46,0.0073738673274287,0.0069170952365606,0.007810765839258,640
1,long,1,calm,47,0.0072828392735875,0.0068230814956919,0.0077240953642354,640
1,long,1,calm,48,0.0071947775088119,0.0067322449752892,0.0076401442871727,640
1,long,1,calm,49,0.0071095277389155,0.0066444166837763,0.0075587743488298,640
1,long,1,calm,50,0.0070269465753334,0.0065594397663769,0.0074798569046606,640
1,long,1,calm,51,0.0069469005686095,0.00647716841607,0.0074032720833517,640
1,long,1,calm,52,0.0068692653442279,0.0063974669010345,0.0073289080335585,640
1,long,1,calm,53,0.00679392482825,0.00632020869419,0.0072566602481254,640
1,long,1,calm,54,0.0067207705519558,0.0062452756924489,0.0071864309565501,640
1,long,1,calm,55,0.0066497010261573,0.0061725575149928,0.0071181285777002,640
1,long,1,calm,56,0.0065806211770987,0.0061019508713239,0.0070516672258504,640
1,long,1,calm,57,0.0065134418369218,0.0060333589910677,0.0069869662640116,640
1,long,1,calm,58,0.0064480792825778,0.005966691108544,0.0069239498992966,640
1,long,1,calm,59,0.006384454817849,0.00590186199602,0.0068625468157295,640
1,long,1,calm,60,0.0063224943938039,0.0058387915403207,0.0068026898404736,640
1,long,1,calm,61,0.0062621282635892,0.0057774043581342,0.0067443156399452,640
1,long,1,calm,62,0.0062032906679533,0.0057176294459149,0.006687364442704,640
1,long,1,calm,63,0.0061459195483279,0.0056593998607808,0.0066317797863765,640
1,long,1,calm,64,0.0060899562846632,0.005602652429223,0.0065775082861906,640
1,long,1,calm,65,0.0060353454555389,0.0055473274808201,0.0065244994229742,640
1,long,1,calm,66,0.0059820346183519,0.0054933686044678,0.0064727053487151,640
1,long,1,calm,67,0.005929974107629,0.0054407224249149,0.0064220807079881,640
1,long,1,calm,68,0.0058791168497298,0.0053893383976466,0.006372582473745,640
1,long,1,calm,69,0.0058294181923902,0.0053391686203639,0.0063241697961202,640
1,long,1,calm,70,0.0057808357477258,0.0052901676595044,0.0062768038630532,640
1,long,1,calm,71,0.0057333292474603,0.0052422923904088,0.006230447771651,640
1,long,1,calm,72,0.0056868604092711,0.0051955018498889,0.0061850664093276,640
1,long,1,calm,73,0.0056413928132597,0.0051497571000795,0.0061406263438546,640
1,long,1,calm,74,0.0055968917876552,0.0051050211025705,0.0060970957215442,640
1,long,1,calm,75,0.0055533243029472,0.0050612586019185,0.0060544441728649,640
1,long,1,calm,76,0.0055106588737254,0.0050184360177263,0.0060126427248556,640
1,long,1,calm,77,0.0054688654675731,0.0049765213445565,0.0059716637197695,640
1,long,1,calm,78,0.0054279154204235,0.00493548405902,0.0059314807394292,640
1,long,1,calm,79,0.0053877813578475,0.0048952950334409,0.0058920685348274,640
1,long,1,calm,80,0.0053484371217855,0.0048559264555564,0.0058534029605468,640
1,long,1,calm,81,0.0053098577022885,0.004817351753762,0.0058154609136168,640
1,long,1,calm,82,0.0052720191738668,0.0047795455274563,0.0057782202764549,640
1,long,1,calm,83,0.0052348986360857,0.0047424834820804,0.0057416598635751,640
1,long,1,calm,84,0.0051984741580768,0.0047061423684846,0.005705759371774,640
1,long,1,calm,85,0.0051627247266655,0.0046704999262874,0.0056704993335275,640
1,long,1,calm,86,0.005127630197839,0.0046355348309189,0.0056358610733596,640
1,long,1,calm,87,0.0050931712513047,0.004601226644073,0.0056018266669586,640
1,long,1,calm,88,0.0050593293479092,0.0045675557673095,0.0055683789028425,640
1,long,1,calm,89,0.0050260866897082,0.0045345033985763,0.0055355012463838,640
1,long,1,calm,90,0.0049934261824953,0.0045020514914353,0.0055031778060283,640
1,long,1,calm,91,0.0049613314006118,0.0044701827167973,0.0054713933015485,640
1,long,1,calm,92,0.0049297865538777,0.0044388804269866,0.0054401330341896,640
1,long,1,calm,93,0.0048987764564921,0.0044081286219689,0.0054093828585768,640
1,long,1,calm,94,0.0048682864977692,0.0043779119175922,0.005379129156262,640
1,long,1,calm,95,0.0048383026145803,0.0043482155156998,0.005349358810797,640
1,long,1,turbulent,0,0.1044639294773845,0.0891929696842888,0.1214838795917644,640
1,long,1,turbulent,1,0.0629817119375829,0.0560583779032355,0.0702594840293833,640
1,long,1,turbulent,2,0.04684549605478,0.042722768056108,0.051002664051969,640
1,long,1,turbulent,3,0.037971920627851,0.035233065389183,0.0406341574920349,640
1,long,1,turbulent,4,0.0322640034104972,0.0303403594106818,0.0340668791001314,640
1,long,1,turbulent,5,0.0282433329174552,0.0268515454215608,0.0294970894283017,640
1,long,1,turbulent,6,0.0252374103289137,0.0242166986342881,0.0261150704081985,640
1,long,1,turbulent,7,0.0228934195627575,0.0221442172098025,0.0235005249169916,640
1,long,1,turbulent,8,0.0210072559169191,0.020463887645368,0.0214124849250727,640
1,long,1,turbulent,9,0.0194520939325094,0.0190691187835131,0.019702378258826,640
1,long,1,turbulent,10,0.018144696065559,0.0178894720915248,0.0182733608896091,640
1,long,1,turbulent,11,0.0170280159559718,0.0168763758607411,0.0170594674006571,640
1,long,1,turbulent,12,0.0160615594999198,0.0159951596049942,0.0160141320147704,640
1,long,1,turbulent,13,0.0152157334626239,0.0151034966815089,0.0152203570350323,640
1,long,1,turbulent,14,0.0144683744143959,0.0143023222165917,0.0145328061441353,640
1,long,1,turbulent,15,0.0138025322556909,0.013591389743528,0.0139177886005191,640
1,long,1,turbulent,16,0.0132050072950222,0.0129557931281142,0.0133637962843336,640
1,long,1,turbulent,17,0.012665356811462,0.0123837841504408,0.0128616902324698,640
1,long,1,turbulent,18,0.0121752035140549,0.0118659716918283,0.01240411292655,640
1,long,1,turbulent,19,0.0117277435643979,0.0113947540634082,0.0119850686756107,640
1,long,1,turbulent,20,0.0113173897622905,0.0109639086864753,0.0115996182490558,640
1,long,1,turbulent,21,0.0109395082734604,0.0105682903106239,0.0112436528410908,640
1,long,1,turbulent,22,0.0105902213556829,0.0102036055705482,0.0109137241831829,640
1,long,1,turbulent,23,0.0102662574648769,0.0098662421830287,0.0106069150852045,640
1,long,1,turbulent,24,0.0099648359130309,0.0095531378774114,0.0103207395429003,640
1,long,1,turbulent,25,0.0096835770849621,0.0092616786384921,0.0100530647755445,640
1,long,1,turbulent,26,0.0094204318093437,0.0089896188598949,0.0098020497410718,640
1,long,1,turbulent,27,0.009173625256644,0.008735018073577,0.0095660961790165,640
1,long,1,turbulent,28,0.0089416119761593,0.0084961903595331,0.0093438092825389,640
1,long,1,turbulent,29,0.0087230395614197,0.0082716635551688,0.0091339658462555,640
1,long,1,turbulent,30,0.0085167190621971,0.0080601461102572,0.0089354882723566,640
1,long,1,turbulent,31,0.0083216007179331,0.0078604999595951,0.00874742320731,640
1,long,1,turbulent,32,0.0081367539226862,0.0076717181710445,0.0085689238683019,640
1,long,1,turbulent,33,0.0079613505805256,0.0074929064122055,0.0083992353318962,640
1,long,1,turbulent,34,0.0077946511968082,0.0073232674925853,0.0082376822176142,640
1,long,1,turbulent,35,0.0076359931918787,0.0071620883994242,0.0080836583205856,640
1,long,1,turbulent,36,0.0074847810314144,0.0070087293682068,0.0079366178402771,640
1,long,1,turbulent,37,0.0073404778504877,0.0068626146232462,0.0077960679238762,640
1,long,1,turbulent,38,0.0072025983126548,0.0067232244967634,0.0076615622985022,640
1,long,1,turbulent,39,0.0070707024955504,0.0065900886918255,0.0075326958099026,640
1,long,1,turbulent,40,0.0069443906339142,0.0064627804992028,0.0074090997195498,640
1,long,1,turbulent,41,0.0068232985821986,0.0063409118135312,0.0072904376392053,640
1,long,1,turbulent,42,0.0067070938837676,0.0062241288222431,0.0071764020036766,640
1,long,1,turbulent,43,0.0065954723536132,0.0061121082631897,0.0070667109998657,640
1,long,1,turbulent,44,0.0064881550975487,0.0060045541649403,0.006961105884219,640
1,long,1,turbulent,45,0.0063848859038301,0.0059011949983416,0.0068593486320516,640
1,long,1,turbulent,46,0.0062854289537157,0.0058017811797865,0.0067612198714779,640
1,long,1,turbulent,47,0.0061895668061186,0.0057060828763286,0.0066665170622596,640
1,long,1,turbulent,48,0.0060970986185987,0.0056138880707214,0.0065750528861159,640
1,long,1,turbulent,49,0.0060078385727933,0.0055250008510099,0.006486653820191,640
1,long,1,turbulent,50,0.0059216144772366,0.0054392398947128,0.0064011588696461,640
1,long,1,turbulent,51,0.005838266524547,0.0053564371221359,0.0063184184388968,640
1,long,1,turbulent,52,0.0057576461833308,0.005276436497102,0.0062382933239926,640
1,long,1,turbulent,53,0.0056796152079668,0.0051990929565263,0.0061606538111277,640
1,long,1,turbulent,54,0.0056040447518142,0.005124271452898,0.0060853788683732,640
1,long,1,turbulent,55,0.0055308145713815,0.0050518460959528,0.0060123554194929,640
1,long,1,turbulent,56,0.0054598123106912,0.0049816993816973,0.0059414776902098,640
1,long,1,turbulent,57,0.0053909328565131,0.0049137214985409,0.0058726466185663,640
1,long,1,turbulent,58,0.0053240777563626,0.0048478097016444,0.0058057693221121,640
1,long,1,turbulent,59,0.005259154692208,0.0047838677477519,0.0057407586155844,640
1,long,1,turbulent,60,0.0051960770037268,0.004721805383762,0.0056775325735439,640
1,long,1,turbulent,61,0.0051347632557202,0.0046615378831423,0.0056160141331176,640
1,long,1,turbulent,62,0.0050751368449582,0.0046029856250217,0.0055561307325895,640
1,long,1,turbulent,63,0.0050171256423004,0.0045460737114258,0.0054978139820956,640
1,long,1,turbulent,64,0.0049606616664319,0.0044907316186641,0.0054409993631171,640
1,long,1,turbulent,65,0.0049056807859842,0.0044368928793493,0.0053856259538574,640
1,long,1,turbulent,66,0.0048521224471833,0.0043844947919398,0.0053316361779166,640
1,long,1,turbulent,67,0.0047999294244941,0.0043334781550531,0.0052789755739749,640
1,long,1,turbulent,68,0.0047490475920139,0.0042837870241077,0.0052275925844477,640
1,long,1,turbulent,69,0.0046994257136152,0.0042353684881255,0.0051774383613008,640
1,long,1,turbulent,70,0.0046510152500577,0.004188172464763,0.0051284665874098,640
1,long,1,turbulent,71,0.0046037701814803,0.0041421515118495,0.0050806333120204,640
1,long,1,turbulent,72,0.004557646843853,0.0040972606538961,0.0050338967990177,640
1,long,1,turbulent,73,0.0045126037781154,0.0040534572221974,0.0049882173868484,640
1,long,1,turbulent,74,0.0044686015908628,0.004010700707296,0.004943557359056,640
1,long,1,turbulent,75,0.0044256028255544,0.0039689526227022,0.0048998808244965,640
1,long,1,turbulent,76,0.0043835718433229,0.0039281763788758,0.0048571536063932,640
1,long,1,turbulent,77,0.0043424747125557,0.0038883371665744,0.0048153431394747,640
1,long,1,turbulent,78,0.004302279106498,0.0038494018487639,0.0047744183745103,640
1,long,1,turbulent,79,0.0042629542082036,0.0038113388603612,0.004734349689626,640
1,long,1,turbulent,80,0.0042244706222206,0.003774118115154,0.0046951088078415,640
1,long,1,turbulent,81,0.0041868002924581,0.0037377109193007,0.00465666872032,640
1,long,1,turbulent,82,0.0041499164257336,0.0037020898908725,0.004619003614873,640
1,long,1,turbulent,83,0.0041137934205431,0.0036672288849485,0.0045820888092992,640
1,long,1,turbulent,84,0.0040784068006409,0.0036331029238195,0.0045459006891799,640
1,long,1,turbulent,85,0.0040437331530519,0.0035996881318964,0.0045104166497833,640
1,long,1,turbulent,86,0.0040097500701735,0.0035669616749564,0.0044756150417619,640
1,long,1,turbulent,87,0.0039764360956524,0.0035349017033907,0.0044414751203559,640
1,long,1,turbulent,88,0.0039437706737519,0.0035034872991493,0.0044079769978384,640
1,long,1,turbulent,89,0.003911734101948,0.0034726984261028,0.0043751015989629,640
1,long,1,turbulent,90,0.0038803074865137,0.0034425158835663,0.0043428306191907,640
1,long,1,turbulent,91,0.0038494727008753,0.0034129212627513,0.0043111464854984,640
1,long,1,turbulent,92,0.0038192123465372,0.0033838969059324,0.0042800323195787,640
1,long,1,turbulent,93,0.0037895097163922,0.0033554258681316,0.0042494719032652,640
1,long,1,turbulent,94,0.0037603487602484,0.0033274918811409,0.0042194496460241,640
1,long,1,turbulent,95,0.0037317140524164,0.0033000793197168,0.0041899505543692,640
1,long,2,calm,0,0.0891929696842888,0.0756368310491059,0.1044639294773845,640
1,long,2,calm,1,0.0560583779032355,0.0495570022477489,0.0629817119375829,640
1,long,2,calm,2,0.042722768056108,0.0386980747854369,0.04684549605478,640
1,long,2,calm,3,0.035233065389183,0.0324695844302221,0.037971920627851,640
1,long,2,calm,4,0.0303403594106818,0.0283375058182864,0.0322640034104972,640
1,long,2,calm,5,0.0268515454215608,0.025354850970427,0.0282433329174552,640
1,long,2,calm,6,0.0242166986342881,0.0230793471954915,0.0252374103289137,640
1,long,2,calm,7,0.0221442172098025,0.0212739646316926,0.0228934195627575,640
1,long,2,calm,8,0.020463887645368,0.0197990974942751,0.0210072559169191,640
1,long,2,calm,9,0.0190691187835131,0.0185666403530402,0.0194520939325094,640
1,long,2,calm,10,0.0178894720915248,0.017517970352415,0.018144696065559,640
1,long,2,calm,11,0.0168763758607411,0.0166124147337297,0.0170280159559718,640
1,long,2,calm,12,0.0159951596049942,0.0158207795868607,0.0160615594999198,640
1,long,2,calm,13,0.0152203570350323,0.0151215121651645,0.0152157334626239,640
1,long,2,calm,14,0.0145328061441353,0.0144683744143959,0.0144983191942143,640
1,long,2,calm,15,0.0139177886005191,0.0138025322556909,0.013938631463643,640
1,long,2,calm,16,0.0133637962843336,0.0132050072950222,0.0134325814582097,640
1,long,2,calm,17,0.0128616902324698,0.012665356811462,0.0129723033794234,640
1,long,2,calm,18,0.01240411292655,0.0121752035140549,0.0125514421389737,640
1,long,2,calm,19,0.0119850686756107,0.0117277435643979,0.0121648015252172,640
1,long,2,calm,20,0.0115996182490558,0.0113173897622905,0.011808087295333,640
1,long,2,calm,21,0.0112436528410908,0.0109395082734604,0.0114777163993955,640
1,long,2,calm,22,0.0109137241831829,0.0105902213556829,0.011170673157341,640
1,long,2,calm,23,0.0106069150852045,0.0102662574648769,0.0108843993446194,640
1,long,2,calm,24,0.0103207395429003,0.0099648359130309,0.0106167091463691,640
1,long,2,calm,25,0.0100530647755445,0.0096835770849621,0.0103657226072596,640
1,long,2,calm,26,0.0098020497410718,0.0094204318093437,0.0101298130142467,640
1,long,2,calm,27,0.0095660961790165,0.009173625256644,0.0099075648987978,640
1,long,2,calm,28,0.0093438092825389,0.0089416119761593,0.0096977402208705,640
1,long,2,calm,29,0.0091339658462555,0.0087230395614197,0.0094992509195658,640
1,long,2,calm,30,0.0089354882723566,0.0085167190621971,0.0093111364639209,640
1,long,2,calm,31,0.00874742320731,0.0083216007179331,0.0091325453643852,640
1,long,2,calm,32,0.0085689238683019,0.0081367539226862,0.0089627198467199,640
1,long,2,calm,33,0.0083992353318962,0.0079613505805256,0.0088009830698141,640
1,long,2,calm,34,0.0082376822176142,0.0077946511968082,0.0086467284041803,640
1,long,2,calm,35,0.0080836583205856,0.0076359931918787,0.008499410390623,640
1,long,2,calm,36,0.0079366178402771,0.0074847810314144,0.0083585370772681,640
1,long,2,calm,37,0.0077960679238762,0.0073404778504877,0.0082236634939105,640
1,long,2,calm,38,0.0076615622985022,0.0072025983126548,0.008094386069913,640
1,long,2,calm,39,0.0075326958099026,0.0070707024955504,0.0079703378389454,640
1,long,2,calm,40,0.0074090997195498,0.0069443906339142,0.0078511843030831,640
1,long,2,calm,41,0.0072904376392053,0.0068232985821986,0.007736619851994,640
1,long,2,calm,42,0.0071764020036766,0.0067070938837676,0.0076263646514831,640
1,long,2,calm,43,0.0070667109998657,0.0065954723536132,0.0075201619305624,640
1,long,2,calm,44,0.006961105884219,0.0064881550975487,0.0074177756082428,640
1,long,2,calm,45,0.0068593486320516,0.0063848859038301,0.0073189882110186,640
1,long,2,calm,46,0.0067612198714779,0.0062854289537157,0.007223599039986,640
1,long,2,calm,47,0.0066665170622596,0.0061895668061186,0.0071314225530748,640
1,long,2,calm,48,0.0065750528861159,0.0060970986185987,0.0070422869332564,640
1,long,2,calm,49,0.006486653820191,0.0060078385727933,0.0069560328180424,640
1,long,2,calm,50,0.0064011588696461,0.0059216144772366,0.0068725121692868,640
1,long,2,calm,51,0.0063184184388968,0.005838266524547,0.0067915872653892,640
1,long,2,calm,52,0.0062382933239926,0.0057576461833308,0.0067131298005745,640
1,long,2,calm,53,0.0061606538111277,0.0056796152079668,0.0066370200780937,640
1,long,2,calm,54,0.0060853788683732,0.0056040447518142,0.0065631462860182,640
1,long,2,calm,55,0.0060123554194929,0.0055308145713815,0.0064914038458416,640
1,long,2,calm,56,0.0059414776902098,0.0054598123106912,0.0064216948254184,640
1,long,2,calm,57,0.0058726466185663,0.0053909328565131,0.0063539274088803,640
1,long,2,calm,58,0.0058057693221121,0.0053240777563626,0.0062880154171267,640
1,long,2,calm,59,0.0057407586155844,0.005259154692208,0.0062238778732972,640
1,long,2,calm,60,0.0056775325735439,0.0051960770037268,0.0061614386083383,640
1,long,2,calm,61,0.0056160141331176,0.0051347632557202,0.0061006259023735,640
1,long,2,calm,62,0.0055561307325895,0.0050751368449582,0.0060413721581103,640
1,long,2,calm,63,0.0054978139820956,0.0050171256423004,0.0059836136029638,640
1,long,2,calm,64,0.0054409993631171,0.0049606616664319,0.0059272900169684,640
1,long,2,calm,65,0.0053856259538574,0.0049056807859842,0.0058723444838861,640
1,long,2,calm,66,0.0053316361779166,0.0048521224471833,0.0058187231632175,640
1,long,2,calm,67,0.0052789755739749,0.0047999294244941,0.0057663750810767,640
1,long,2,calm,68,0.0052275925844477,0.0047490475920139,0.0057152519381173,640
1,long,2,calm,69,0.0051774383613008,0.0046994257136152,0.0056653079328963,640
1,long,2,calm,70,0.0051284665874098,0.0046510152500577,0.0056164995992337,640
1,long,2,calm,71,0.0050806333120204,0.0046037701814803,0.0055687856562788,640
1,long,2,calm,72,0.0050338967990177,0.004557646843853,0.005522126870131,640
1,long,2,calm,73,0.0049882173868484,0.0045126037781154,0.0054764859259788,640
1,long,2,calm,74,0.004943557359056,0.0044686015908628,0.0054318273098285,640
1,long,2,calm,75,0.0048998808244965,0.0044256028255544,0.0053881171989856,640
1,long,2,calm,76,0.0048571536063932,0.0043835718433229,0.0053453233605361,640
1,long,2,calm,77,0.0048153431394747,0.0043424747125557,0.0053034150571485,640
1,long,2,calm,78,0.0047744183745103,0.004302279106498,0.0052623629595806,640
1,long,2,calm,79,0.004734349689626,0.0042629542082036,0.0052221390653384,640
1,long,2,calm,80,0.0046951088078415,0.0042244706222206,0.005182716622981,640
1,long,2,calm,81,0.00465666872032,0.0041868002924581,0.0051440700616182,640
1,long,2,calm,82,0.004619003614873,0.0041499164257336,0.0051061749251832,640
1,long,2,calm,83,0.0045820888092992,0.0041137934205431,0.0050690078111063,640
1,long,2,calm,84,0.0045459006891799,0.0040784068006409,0.0050325463130455,640
1,long,2,calm,85,0.0045104166497833,0.0040437331530519,0.004996768967361,640
1,long,2,calm,86,0.0044756150417619,0.0040097500701735,0.0049616552030497,640
1,long,2,calm,87,0.0044414751203559,0.0039764360956524,0.0049271852948778,640
1,long,2,calm,88,0.0044079769978384,0.0039437706737519,0.0048933403194752,640
1,long,2,calm,89,0.0043751015989629,0.003911734101948,0.0048601021141714,640
1,long,2,calm,90,0.0043428306191907,0.0038803074865137,0.0048274532383759,640
1,long,2,calm,91,0.0043111464854984,0.0038494727008753,0.0047953769373179,640
1,long,2,calm,92,0.0042800323195787,0.0038192123465372,0.004763857107978,640
1,long,2,calm,93,0.0042494719032652,0.0037895097163922,0.0047328782670576,640
1,long,2,calm,94,0.0042194496460241,0.0037603487602484,0.0047024255208436,640
1,long,2,calm,95,0.0041899505543692,0.0037317140524164,0.004672484536838,640
1,long,2,turbulent,0,0.1275458089919286,0.1099423870072367,0.146877691628456,640
1,long,2,turbulent,1,0.0727498155045383,0.0653721344346943,0.0803636664023683,640
1,long,2,turbulent,2,0.0523839178238146,0.0482307728207299,0.0564755340988081,640
1,long,2,turbulent,3,0.0414951749318497,0.0388705036963264,0.0439707269771654,640
1,long,2,turbulent,4,0.0346338274774021,0.0328804428831646,0.0362119518844458,640
1,long,2,turbulent,5,0.0298788363742204,0.0286781891002459,0.0309004106198309,640
1,long,2,turbulent,6,0.026371618249497,0.025547101406154,0.0270221900192529,640
1,long,2,turbulent,7,0.0236680949729335,0.0231125397797054,0.0240584447854839,640
1,long,2,turbulent,8,0.0215144258228494,0.0211584222446593,0.0217152510798836,640
1,long,2,turbulent,9,0.0197545068639336,0.0195508283105499,0.019813255428753,640
1,long,2,turbulent,10,0.0182868169557755,0.0182020644597945,0.0182366138527961,640
1,long,2,turbulent,11,0.0170423462040401,0.0169070623538257,0.017052153261703,640
1,long,2,turbulent,12,0.0159724698638125,0.0157697613819139,0.0160585987858311,640
1,long,2,turbulent,13,0.0150418926138798,0.0147851061661696,0.0151903973799472,640
1,long,2,turbulent,14,0.0142243448596199,0.0139237572483621,0.0144243654709672,640
1,long,2,turbulent,15,0.0134998519844252,0.0131635022954421,0.0137427983759045,640
1,long,2,turbulent,16,0.0128529425532377,0.0124872060153417,0.0131319273332804,640
1,long,2,turbulent,17,0.0122714381732246,0.011881431239006,0.0125808731377903,640
1,long,2,turbulent,18,0.0117456153959388,0.0113354875841195,0.0120809186853967,640
1,long,2,turbulent,19,0.0112676123276245,0.0108407603085772,0.0116249920655513,640
1,long,2,turbulent,20,0.0108310002044056,0.0103902273853623,0.0112072920889671,640
1,long,2,turbulent,21,0.0104304686309381,0.0099781058357195,0.0108230122816628,640
1,long,2,turbulent,22,0.0100615906792241,0.0095995885948571,0.0104681342790338,640
1,long,2,turbulent,23,0.0097206450914185,0.009250645920307,0.010139270992467,640
1,long,2,turbulent,24,0.0094044799685293,0.0089278735575346,0.0098335460382708,640
1,long,2,turbulent,25,0.0091104070367196,0.0086283752753066,0.0095484999665422,640
1,long,2,turbulent,26,0.0088361187501034,0.0083496710033298,0.0092820165570907,640
1,long,2,turbulent,27,0.0085796226559516,0.0080896242750554,0.0090322643219759,640
1,long,2,turbulent,28,0.0083391889546074,0.0078463843915141,0.008797649659082,640
1,long,2,turbulent,29,0.0081133082489269,0.0076183399273831,0.0085767790237369,640
1,long,2,turbulent,30,0.0079006572376274,0.0074040810601624,0.0083684281464431,640
1,long,2,turbulent,31,0.0077000706567133,0.0072023688242168,0.0081715168043367,640
1,long,2,turbulent,32,0.0075105181757176,0.007012109845079,0.0079850880058738,640
1,long,2,turbulent,33,0.0073310852534374,0.0068323354444668,0.0078082907092178,640
1,long,2,turbulent,34,0.0071609571805749,0.0066621842564413,0.0076403653902854,640
1,long,2,turbulent,35,0.0069994057047686,0.0065008876834034,0.0074806319242034,640
1,long,2,turbulent,36,0.006845777761444,0.0063477576636751,0.0073284793566491,640
1,long,2,turbulent,37,0.0066994859321162,0.0062021763320106,0.0071833572282215,640
1,long,2,turbulent,38,0.0065600003277431,0.0060635872390154,0.0070447681821542,640
1,long,2,turbulent,39,0.0064268416539129,0.0059314878612767,0.0069122616381019,640
1,long,2,turbulent,40,0.0062995752610977,0.0058054231855795,0.0067854283559339,640
1,long,2,turbulent,41,0.0061778060198747,0.0056849801912344,0.0066638957460567,640
1,long,2,turbulent,42,0.0060611738901655,0.0055697830868059,0.0065473238087237,640
1,long,2,turbulent,43,0.0059493500768389,0.0054594891832704,0.0064354016055576,640
1,long,2,turbulent,44,0.0058420336827459,0.005353785306298,0.006327844183223,640
1,long,2,turbulent,45,0.0057389487853894,0.0052523846670233,0.0062243898827154,640
1,long,2,turbulent,46,0.0056398418757178,0.0051550241241924,0.0061247979787334,640
1,long,2,turbulent,47,0.0055444796075623,0.0050614617815926,0.0060288466025912,640
1,long,2,turbulent,48,0.0054526468144571,0.004971474873691,0.0059363309095095,640
1,long,2,turbulent,49,0.0053641447573548,0.0048848578998312,0.0058470614572092,640
1,long,2,turbulent,50,0.0052787895723459,0.0048014209734601,0.0057608627677702,640
1,long,2,turbulent,51,0.005196410892141,0.0047209883579409,0.0056775720489076,640
1,long,2,turbulent,52,0.0051168506189472,0.0046433971647352,0.0055970380543122,640
1,long,2,turbulent,53,0.0050399618296113,0.0045684961932716,0.0055191200656326,640
1,long,2,turbulent,54,0.0049656077966249,0.0044961448947821,0.0054436869811327,640
1,long,2,turbulent,55,0.0048936611108761,0.0044262124448795,0.0053706164981395,640
1,long,2,turbulent,56,0.0048240028939714,0.0043585769117543,0.0052997943781476,640
1,long,2,turbulent,57,0.0047565220895934,0.0042931245086522,0.0052311137849408,640
1,long,2,turbulent,58,0.0046911148247568,0.0042297489208079,0.0051644746873581,640
1,long,2,turbulent,59,0.0046276838330159,0.0041683506982992,0.005099783319417,640
1,long,2,turbulent,60,0.0045661379326965,0.0041088367073912,0.0050369516914323,640
1,long,2,turbulent,61,0.0045063915540993,0.0040511196338798,0.0049758971465695,640
1,long,2,turbulent,62,0.0044483643103726,0.0039951175327616,0.0049165419579525,640
1,long,2,turbulent,63,0.0043919806074008,0.0039407534192486,0.0048588129620408,640
1,long,2,turbulent,64,0.0043371692886145,0.0038879548967558,0.0048026412245026,640
1,long,2,turbulent,65,0.0042838633111144,0.0038366538180092,0.004747961735254,640
1,long,2,turbulent,66,0.0042319994499211,0.0037867859758724,0.0046947131297193,640
1,long,2,turbulent,67,0.0041815180275297,0.0037382908208902,0.0046428374337057,640
1,long,2,turbulent,68,0.0041323626662691,0.0036911112028829,0.0045922798295778,640
1,long,2,turbulent,69,0.0040844800612436,0.003645193134231,0.004542988441674,640
1,long,2,turbulent,70,0.0040378197718806,0.0036004855727489,0.004494914139132,640
1,long,2,turbulent,71,0.0039923340303212,0.0035569402222759,0.0044480103544896,640
1,long,2,turbulent,72,0.0039479775650816,0.0035145113493178,0.0044022329165976,640
1,long,2,turbulent,73,0.0039047074385771,0.0034731556142446,0.0043575398965388,640
1,long,2,turbulent,74,0.0038624828972493,0.0034328319157128,0.00431389146538,640
1,long,2,turbulent,75,0.0038212652331645,0.0033935012471138,0.0042712497627036,640
1,long,2,turbulent,76,0.0037810176560694,0.0033551265639752,0.0042295787749734,640
1,long,2,turbulent,77,0.0037417051749871,0.0033176726613497,0.0041888442228813,640
1,long,2,turbulent,78,0.0037032944885335,0.003281106060322,0.0041490134569069,640
1,long,2,turbulent,79,0.0036657538832078,0.0032453949028498,0.0041100553603955,640
1,long,2,turbulent,80,0.0036290531389877,0.0032105088542324,0.0040719402595272,640
1,long,2,turbulent,81,0.0035931634416213,0.0031764190125663,0.0040346398396089,640
1,long,2,turbulent,82,0.0035580573010657,0.0031430978246095,0.003998127067174,640
1,long,2,turbulent,83,0.0035237084755733,0.0031105190075299,0.0039623761174235,640
1,long,2,turbulent,84,0.0034900919009731,0.0030786574760622,0.0039273623065812,640
1,long,2,turbulent,85,0.0034571836247349,0.0030474892746401,0.0038930620287804,640
1,long,2,turbulent,86,0.0034249607444417,0.0030169915141113,0.003859452697126,640
1,long,2,turbulent,87,0.0033934013503284,0.002987142312677,0.0038265126886145,640
1,long,2,turbulent,88,0.0033624844715766,0.0029579207407298,0.003794221292617,640
1,long,2,turbulent,89,0.0033321900260789,0.0029293067692921,0.0037625586626587,640
1,long,2,turbulent,90,0.0033024987734149,0.0029012812217821,0.0037315057712487,640
1,long,2,turbulent,91,0.0032733922707997,0.002873825728861,0.0037010443675381,640
1,long,2,turbulent,92,0.0032448528317868,0.0028469226861305,0.0036711569375979,640
1,long,2,turbulent,93,0.0032168634875271,0.0028205552144754,0.003641826667132,640
1,long,2,turbulent,94,0.0031894079503984,0.0027947071228571,0.0036130374064481,640
1,long,2,turbulent,95,0.0031624705798397,0.0027693628733844,0.0035847736375307,640
1,short,1,calm,0,0.1536951006429292,0.1338001771949047,0.175215293933624,640
1,short,1,calm,1,0.0829360462131195,0.0752665123029968,0.0906971239650189,640
1,short,1,calm,2,0.0578125475072087,0.0537583644419548,0.0617030766662573,640
1,short,1,calm,3,0.0447534614486173,0.0423396141397106,0.0469477755671386,640
1,short,1,calm,4,0.0366924507353496,0.0351812758395607,0.0379796105792899,640
1,short,1,calm,5,0.0311964668470166,0.0302406520192072,0.0319395154828357,640
1,short,1,calm,6,0.0271971106423138,0.0266088016007819,0.0275885498801844,640
1,short,1,calm,7,0.02414959963833,0.0238172710631658,0.0243016926485179,640
1,short,1,calm,8,0.0217462406758054,0.0215990875951103,0.0217290944449422,640
1,short,1,calm,9,0.0197997644500684,0.0196594793269469,0.0197904964427376,640
1,short,1,calm,10,0.0181894904800004,0.0179576275832614,0.018285243996593,640
1,short,1,calm,11,0.0168340539502373,0.0165329300319342,0.0170112510683654,640
1,short,1,calm,12,0.0156765481280566,0.0153223658194302,0.0159178242812631,640
1,short,1,calm,13,0.01467594487826,0.0142807289953015,0.0149682290041804,640
1,short,1,calm,14,0.0138018976689541,0.0133747389894873,0.014135166991304,640
1,short,1,calm,15,0.0130314649149814,0.0125793449944922,0.013397911445874,640
1,short,1,calm,16,0.0123469725790423,0.0118753258789333,0.0127404299352337,640
1,short,1,calm,17,0.0117345784875751,0.0112476846528426,0.0121501183802078,640
1,short,1,calm,18,0.0111832830948433,0.010684546429826,0.0116169253816976,640
1,short,1,calm,19,0.0106842324353252,0.0101763846840864,0.0111327329695528,640
1,short,1,calm,20,0.0102302171278738,0.009715467012901,0.0106909100107901,640
1,short,1,calm,21,0.0098153058668224,0.0092954509761784,0.010285984451486,640
1,short,1,calm,22,0.0094345730092613,0.0089110846109775,0.0099133989641275,640
1,short,1,calm,23,0.0090838931789675,0.0085579812751926,0.009569326174818,640
1,short,1,calm,24,0.0087597843739594,0.0082324481349268,0.0092505271341777,640
1,short,1,calm,25,0.0084592866953596,0.0079313539415611,0.0089542416327103,640
1,short,1,calm,26,0.0081798675879329,0.0076520259751556,0.008678102278297,640
1,short,1,calm,27,0.0079193470550004,0.0073921689078601,0.0084200665209591,640
1,short,1,calm,28,0.0076758380926057,0.0071498003293212,0.0081783623849297,640
1,short,1,calm,29,0.0074476988408399,0.0069231990706749,0.0079514447780298,640
1,short,1,calm,30,0.0072334938432376,0.0067108634553369,0.0077379600412174,640
1,short,1,calm,31,0.0070319624496323,0.0065114773188487,0.0075367169746449,640
1,short,1,calm,32,0.0068419928684,0.0063238821602743,0.0073466629961708,640
1,short,1,calm,33,0.0066626007213242,0.0061470541708227,0.007166864398609,640
1,short,1,calm,34,0.0064929112132558,0.0059800851704969,0.0069964899038482,640
1,short,1,calm,35,0.0063321442236342,0.0058221666977584,0.0068347968868131,640
1,short,1,calm,36,0.0061796017749304,0.0056725766595349,0.0066811197752479,640
1,short,1,calm,37,0.0060346574463887,0.0055306680729767,0.0065348602333378,640
1,short,1,calm,38,0.0058967473888961,0.0053958595259549,0.0063954788160603,640
1,short,1,calm,39,0.0057653626647897,0.0052676270574756,0.0062624878425851,640
1,short,1,calm,40,0.0056400426896398,0.0051454972171649,0.00613544528521,640
1,short,1,calm,41,0.0055203695949863,0.0050290411085972,0.006013949508342,640
1,short,1,calm,42,0.005405963364266,0.004917869257353,0.0058976347222273,640
1,short,1,calm,43,0.0052964776207011,0.0048116271734623,0.0057861670402607,640
1,short,1,calm,44,0.0051915959671988,0.0047099915009254,0.0056792410480854,640
1,short,1,calm,45,0.0050910287954786,0.0046126666655638,0.0055765768083484,640
1,short,1,calm,46,0.0049945104955593,0.0045193819474707,0.0054779172376846,640
1,short,1,calm,47,0.0049017970080658,0.0044298889165491,0.0053830258028668,640
1,short,1,calm,48,0.0048126636710998,0.0043439591796122,0.0052916844915564,640
1,short,1,calm,49,0.0047269033210336,0.0042613823957165,0.0052036920200753,640
1,short,1,calm,50,0.0046443246128869,0.0041819645231551,0.0051188622464064,640
1,short,1,calm,51,0.0045647505311591,0.0041055262671346,0.0050370227614172,640
1,short,1,calm,52,0.0044880170663321,0.0040319017018062,0.0049580136353052,640
1,short,1,calm,53,0.0044139720358823,0.0039609370442008,0.0048816862995976,640
1,short,1,calm,54,0.004342474031681,0.003892489560863,0.0048079025478473,640
1,short,1,calm,55,0.0042733914782173,0.0038264265907092,0.0047365336405246,640
1,short,1,calm,56,0.0042066017882329,0.0037626246699303,0.0046674595016013,640
1,short,1,calm,57,0.0041419906041882,0.0037009687467078,0.0046005679960125,640
1,short,1,calm,58,0.0040794511155237,0.0036413514751576,0.0045357542786204,640
1,short,1,calm,59,0.0040188834430078,0.0035836725793205,0.0044729202065285,640
1,short,1,calm,60,0.0039601940825842,0.003527838279216,0.0044119738076431,640
1,short,1,calm,61,0.0039032954021015,0.0034737607719996,0.0043528287992773,640
1,short,1,calm,62,0.0038481051851373,0.0034213577621404,0.0042954041513637,640
1,short,1,calm,63,0.003794546216841,0.0033705520352963,0.0042396236895112,640
1,short,1,calm,64,0.0037425459073377,0.0033212710712104,0.0041854157337102,640
1,short,1,calm,65,0.0036920359487696,0.0032734466915191,0.0041327127689956,640
1,short,1,calm,66,0.0036429520025119,0.0032270147388489,0.0040814511448031,640
1,short,1,calm,67,0.0035952334135039,0.0031819147840028,0.0040315708001346,640
1,short,1,calm,68,0.0035488229489847,0.0031380898584055,0.0039830150119738,640
1,short,1,calm,69,0.0035036665592309,0.0030954862092997,0.003935730164682,640
1,short,1,calm,70,0.0034597131581576,0.0030540530754641,0.0038896655383513,640
1,short,1,calm,71,0.0034169144218822,0.0030137424814733,0.0038447731143168,640
1,short,1,calm,72,0.0033752246035532,0.0029745090487321,0.0038010073962196,640
1,short,1,calm,73,0.0033346003629288,0.0029363098217089,0.0037583252451824,640
1,short,1,calm,74,0.0032950006093491,0.0028991041079599,0.0037166857278142,640
1,short,1,calm,75,0.0032563863568872,0.0028628533306811,0.0036760499758861,640
1,short,1,calm,76,0.0032187205905879,0.0028275208926582,0.0036363810566445,640
1,short,1,calm,77,0.0031819681428152,0.0027930720505982,0.0035976438528281,640
1,short,1,calm,78,0.0031460955788241,0.0027594737989284,0.003559804951549,640
1,short,1,calm,79,0.0031110710907647,0.0027266947622411,0.0035228325412804,640
1,short,1,calm,80,0.0030768643993975,0.0026947050956412,0.0034866963162662,640
1,short,1,calm,81,0.0030434466628748,0.0026634763923271,0.0034513673877347,640
1,short,1,calm,82,0.0030107903919986,0.0026329815977985,0.0034168182013543,640
1,short,1,calm,83,0.0029788693714248,0.0026031949301435,0.0033830224604251,640
1,short,1,calm,84,0.0029476585863315,0.0025740918059065,0.0033499550543429,640
1,short,1,calm,85,0.0029171341541121,0.0025456487710877,0.0033175919919186,640
1,short,1,calm,86,0.0028872732606966,0.0025178434368615,0.0032859103391693,640
1,short,1,calm,87,0.0028580541011372,0.0024906544196437,0.003254888161236,640
1,short,1,calm,88,0.0028294558241286,0.0024640612851662,0.0032245044681086,640
1,short,1,calm,89,0.0028014584801617,0.0024380444962495,0.0031947391638707,640
1,short,1,calm,90,0.0027740429730342,0.0024125853639918,0.003165572999199,640
1,short,1,calm,91,0.0027471910144688,0.0023876660021153,0.0031369875268756,640
1,short,1,calm,92,0.002720885081606,0.0023632692842344,0.0031089650600917,640
1,short,1,calm,93,0.0026951083771626,0.0023393788038292,0.00308148863334,640
1,short,1,calm,94,0.0026698447920622,0.0023159788367267,0.0030545419657087,640
1,short,1,calm,95,0.0026450788703587,0.0022930543059084,0.003028109426407,640
1,short,1,turbulent,0,0.1904019564153152,0.167868502625354,0.2143182392857313,640
1,short,1,turbulent,1,0.0958631533770295,0.0881071839303284,0.1035088866386479,640
1,short,1,turbulent,2,0.0641684227240666,0.0604291450190308,0.0676210352342331,640
1,short,1,turbulent,3,0.0482649671694692,0.0462437904593559,0.0499914969854167,640
1,short,1,turbulent,4,0.0386982300669305,0.0375774332946982,0.0395494663784287,640
1,short,1,turbulent,5,0.0323073747001922,0.0317167408517772,0.0326588072661264,640
1,short,1,turbulent,6,0.0277347558366411,0.0274807157114207,0.0277783336949063,640
1,short,1,turbulent,7,0.0243003382823011,0.0241443015377754,0.0242714391795775,640
1,short,1,turbulent,8,0.0216257571740124,0.0213355821762475,0.0217532265470957,640
1,short,1,turbulent,9,0.0194836987716337,0.019101133182258,0.0197228293285888,640
1,short,1,turbulent,10,0.0177293432475484,0.017282111918473,0.0180498675489827,640
1,short,1,turbulent,11,0.0162660451310603,0.0157731641988531,0.0166467960111299,640
1,short,1,turbulent,12,0.0150268339625525,0.0145016898572572,0.0154526119608366,640
1,short,1,turbulent,13,0.0139638331595869,0.0134160508364535,0.0144234828800904,640
1,short,1,turbulent,14,0.0130419058310067,0.0124785266451603,0.0135270889445898,640
1,short,1,turbulent,15,0.0122346802508094,0.0116609289959266,0.0127390673211725,640
1,short,1,turbulent,16,0.0115219762148045,0.0109417746293978,0.0120406995514858,640
1,short,1,turbulent,17,0.0108880881052753,0.0103044069613994,0.0114173624145593,640
1,short,1,turbulent,18,0.010320609395073,0.0097357149929018,0.0108574632408703,640
1,short,1,turbulent,19,0.0098096093068649,0.0092252392321874,0.010351691497235,640
1,short,1,turbulent,20,0.0093470443801133,0.0087645348701621,0.0098924820855666,640
1,short,1,turbulent,21,0.0089263302909897,0.008346709871299,0.0094736235516769,640
1,short,1,turbulent,22,0.008542025210946,0.0079660844270263,0.0090899674709883,640
1,short,1,turbulent,23,0.0081895922110971,0.0076179361608844,0.0087372097508765,640
1,short,1,turbulent,24,0.007865218606507,0.0072983069291322,0.0084117238846701,640
1,short,1,turbulent,25,0.0075656769291865,0.0070038545319628,0.0081104322904217,640
1,short,1,turbulent,26,0.0072882167504788,0.0067317376201446,0.0078307059459511,640
1,short,1,turbulent,27,0.007030479650056,0.0064795254468165,0.0075702853075913,640
1,short,1,turbulent,28,0.0067904317513797,0.0062451264299754,0.0073272174201008,640
1,short,1,turbulent,29,0.0065663097299246,0.0060267311090085,0.0070998054729945,640
1,short,1,turbulent,30,0.0063565772557601,0.0058227662245547,0.0068865680176182,640
1,short,1,turbulent,31,0.0061598895908609,0.0056318574730893,0.0066862057504161,640
1,short,1,turbulent,32,0.0059750646135548,0.0054527990844633,0.0064975742717266,640
1,short,1,turbulent,33,0.0058010589485594,0.0052845288087217,0.0063196616008437,640
1,short,1,turbulent,34,0.0056369481827979,0.0051261072234304,0.0061515695046207,640
1,short,1,turbulent,35,0.0054819103735567,0.0049767005160209,0.0059924979047669,640
1,short,1,turbulent,36,0.0053352122269119,0.0048355660794891,0.0058417317866365,640
1,short,1,turbulent,37,0.0051961974551681,0.004702040399851,0.0056986301528828,640
1,short,1,turbulent,38,0.0050642769227127,0.0045755288213531,0.0055626166582793,640
1,short,1,turbulent,39,0.0049389202677178,0.0044554968586963,0.0054331716341833,640
1,short,1,turbulent,40,0.0048196487480461,0.0043414627904323,0.0053098252675498,640
1,short,1,turbulent,41,0.0047060291075908,0.0042329913186091,0.0051921517438307,640
1,short,1,turbulent,42,0.0045976682971517,0.0041296881199556,0.0050797641982866,640
1,short,1,turbulent,43,0.0044942089140757,0.0040311951458417,0.0049723103482798,640
1,short,1,turbulent,44,0.0043953252490014,0.0039371865537712,0.004869468701596,640
1,short,1,turbulent,45,0.0043007198474432,0.0038473651736735,0.0047709452539437,640
1,short,1,turbulent,46,0.0042101205096393,0.0037614594288181,0.0046764706034503,640
1,short,1,turbulent,47,0.0041232776648327,0.0036792206446142,0.0045857974219046,640
1,short,1,turbulent,48,0.0040399620665674,0.0036004206895187,0.0044986982322547,640
1,short,1,turbulent,49,0.0039599627641158,0.0035248499012463,0.0044149634498844,640
1,short,1,turbulent,50,0.0038830853121882,0.0034523152588665,0.0043343996517987,640
1,short,1,turbulent,51,0.0038091501868902,0.0033826387674639,0.0042568280433255,640
1,short,1,turbulent,52,0.003737991380724,0.0033156560271025,0.0041820830964882,640
1,short,1,turbulent,53,0.0036694551534555,0.0032512149620438,0.0041100113380056,640
1,short,1,turbulent,54,0.0036033989190356,0.0031891746896849,0.0040404702680513,640
1,short,1,turbulent,55,0.0035396902515923,0.0031294045116365,0.0039733273935826,640
1,short,1,turbulent,56,0.0034782059958904,0.0030717830118404,0.0039084593623,640
1,short,1,turbulent,57,0.0034188314696665,0.003016197248721,0.0038457511852067,640
1,short,1,turbulent,58,0.0033614597469554,0.0029625420301395,0.0037850955373544,640
1,short,1,turbulent,59,0.0033059910129695,0.0029107192614264,0.0037263921277403,640
1,short,1,turbulent,60,0.0032523319823329,0.0028606373580489,0.0036695471304939,640
1,short,1,turbulent,61,0.0032003953735259,0.0028122107155669,0.0036144726704994,640
1,short,1,turbulent,62,0.0031500994333033,0.0027653592304701,0.0035610863574628,640
1,short,1,turbulent,63,0.003101367505627,0.0027200078662919,0.0035093108631741,640
1,short,1,turbulent,64,0.0030541276403273,0.0026760862600935,0.0034590735373575,640
1,short,1,turbulent,65,0.0030083122372832,0.0026335283650056,0.0034103060580557,640
1,short,1,turbulent,66,0.0029638577224164,0.0025922721250355,0.0033629441129742,640
1,short,1,turbulent,67,0.002920704252229,0.0025522591787971,0.0033169271086288,640
1,short,1,turbulent,68,0.0028787954439922,0.0025134345892075,0.0032721979045023,640
1,short,1,turbulent,69,0.0028380781290252,0.0024757465965377,0.0032287025697336,640
1,short,1,turbulent,70,0.0027985021267903,0.0024391463924983,0.0031863901601387,640
1,short,1,turbulent,71,0.0027600200377832,0.0024035879133018,0.003145212513605,640
1,short,1,turbulent,72,0.0027225870534194,0.002369027649869,0.0031051240621153,640
1,short,1,turbulent,73,0.0026861607813097,0.0023354244735476,0.0030660816588418,640
1,short,1,turbulent,74,0.0026507010844923,0.0023027394758834,0.0030280444189177,640
1,short,1,turbulent,75,0.002616169933336,0.0022709358211442,0.0029909735726393,640
1,short,1,turbulent,76,0.0025825312689655,0.0022399786104253,0.002954832329978,640
1,short,1,turbulent,77,0.0025497508771748,0.0022098347562938,0.0029195857553977,640
1,short,1,turbulent,78,0.0025177962719029,0.0021804728670285,0.0028852006520732,640
1,short,1,turbulent,79,0.002486636587433,0.0021518631396126,0.0028516454546949,640
1,short,1,turbulent,80,0.0024562424785659,0.0021239772607151,0.0028188901301237,640
1,short,1,turbulent,81,0.0024265860280844,0.002096788314977,0.0027869060852351,640
1,short,1,turbulent,82,0.002397640660898,0.0020702706999791,0.0027556660813485,640
1,short,1,turbulent,83,0.0023693810643085,0.002044400047334,0.0027251441547008,640
1,short,1,turbulent,84,0.0023417831138963,0.0020191531493909,0.002695315542471,640
1,short,1,turbulent,85,0.0023148238045683,0.0019945078910972,0.0026661566139063,640
1,short,1,turbulent,86,0.002288481186354,0.001970443186595,0.0026376448061458,640
1,short,1,turbulent,87,0.0022627343045714,0.0019469389201769,0.0026097585643704,640
1,short,1,turbulent,88,0.0022375631440209,0.0019239758912539,0.0025824772859417,640
1,short,1,turbulent,89,0.0022129485768932,0.001901535763021,0.0025557812682228,640
1,short,1,turbulent,90,0.0021888723141062,0.0018796010145355,0.0025296516598016,640
1,short,1,turbulent,91,0.002165316859811,0.0018581548959457,0.0025040704148585,640
1,short,1,turbulent,92,0.0021422654688278,0.0018371813866311,0.0024790202504446,640
1,short,1,turbulent,93,0.0021197021067944,0.0018166651560361,0.0024544846064573,640
1,short,1,turbulent,94,0.0020976114128275,0.0017965915269973,0.0024304476081138,640
1,short,1,turbulent,95,0.0020759786645141,0.0017769464413816,0.0024068940307444,640
1,short,2,calm,0,0.1827284270243531,0.1606934777244824,0.2062039810843657,640
1,short,2,calm,1,0.0932839698516332,0.0855186731023361,0.1009801822586292,640
1,short,2,calm,2,0.0629504006644955,0.0591313654897025,0.0665062029646761,640
1,short,2,calm,3,0.0476220321763109,0.0455117628465513,0.0494510200790644,640
1,short,2,calm,4,0.0383535184827856,0.0371480093254733,0.0392968682929232,640
1,short,2,calm,5,0.032136561198288,0.0314688311374955,0.0325687625495198,640
1,short,2,calm,6,0.0276733041862183,0.0273501072328899,0.027787281743574,640
1,short,2,calm,7,0.0243113361514157,0.0242166664009071,0.0242206816623789,640
1,short,2,calm,8,0.0216865706576261,0.0214499982469739,0.0217589315645514,640
1,short,2,calm,9,0.0195797037172295,0.0192440752188445,0.0197696167317665,640
1,short,2,calm,10,0.0178506983492756,0.0174446628382151,0.0181272075106934,640
1,short,2,calm,11,0.0164059093309916,0.0159492535541443,0.016747242769705,640
1,short,2,calm,12,0.0151803248035337,0.0146870777142199,0.015570759587409,640
1,short,2,calm,13,0.0141273895662562,0.0136077138772115,0.0145553193127949,640
1,short,2,calm,14,0.0132128831550808,0.012674272750806,0.0136695810417747,640
1,short,2,calm,15,0.0124110845013695,0.0118591473064699,0.0128898856800655,640
1,short,2,calm,16,0.0117022847620732,0.011141268911881,0.0121980309622107,640
1,short,2,calm,17,0.011071125803221,0.0105042818331451,0.0115797789796759,640
1,short,2,calm,18,0.0105054611921777,0.0099352966015225,0.0110238291287915,640
1,short,2,calm,19,0.0099955574565227,0.0094240189388129,0.0105210952839116,640
1,short,2,calm,20,0.0095335225865033,0.0089621286153475,0.0100641868598016,640
1,short,2,calm,21,0.0091128897334759,0.0085428284341541,0.0096470295827633,640
1,short,2,calm,22,0.0087283090403981,0.0081605113780995,0.0092645839092212,640
1,short,2,calm,23,0.0083753161800976,0.0078105113311447,0.0089126329211908,640
1,short,2,calm,24,0.0080501562015489,0.0074889138876496,0.008587620458445,640
1,short,2,calm,25,0.0077496478482908,0.0071924110127718,0.0082865261114939,640
1,short,2,calm,26,0.0074710778950366,0.0069181881431355,0.0080067676250987,640
1,short,2,calm,27,0.0072121180258684,0.0066638355875481,0.0077461239363132,640
1,short,2,calm,28,0.0069707588333111,0.0064272783403021,0.0075026739223027,640
1,short,2,calm,29,0.0067452569584449,0.0062067199946461,0.0072747472337474,640
1,short,2,calm,30,0.0065340924159423,0.006000597560493,0.0070608845158091,640
1,short,2,calm,31,0.0063359338845374,0.0058075447920149,0.0068598049865471,640
1,short,2,calm,32,0.0061496102797305,0.0056263622131233,0.0066703798299785,640
1,short,2,calm,33,0.0059740873202776,0.0054559924565852,0.0064916102204099,640
1,short,2,calm,34,0.0058084480935438,0.0052954998499704,0.0063226090624666,640
1,short,2,calm,35,0.0056518768451592,0.0051440534194779,0.0061625857326836,640
1,short,2,calm,36,0.0055036453853332,0.0050009126625177,0.0060108332613873,640
1,short,2,calm,37,0.0053631016316799,0.0048654155770388,0.0058667175105732,640
1,short,2,calm,38,0.0052296599065687,0.0047369685409722,0.0057296679937066,640
1,short,2,calm,39,0.0051027926831563,0.0046150377167585,0.0055991700534731,640
1,short,2,calm,40,0.0049820235337299,0.0044991417195609,0.0054747581683547,640
1,short,2,calm,41,0.0048669210807616,0.0043888453377279,0.0053560102021059,640
1,short,2,calm,42,0.0047570937880841,0.0042837541335342,0.0052425424444445,640
1,short,2,calm,43,0.0046521854590557,0.0041835097836066,0.0051340053185694,640
1,short,2,calm,44,0.0045518713321745,0.0040877860435192,0.0050300796530035,640
1,short,2,calm,45,0.0044558546835831,0.0039962852411998,0.0049304734329061,640
1,short,2,calm,46,0.0043638638612692,0.0039087352200783,0.0048349189602918,640
1,short,2,calm,47,0.0042756496882556,0.0038248866661279,0.0047431703642338,640
1,short,2,calm,48,0.0041909831822768,0.0037445107637415,0.004655001411651,640
1,short,2,calm,49,0.0041096535478092,0.0036673971342223,0.0045702035770976,640
1,short,2,calm,50,0.0040314664032233,0.003593352017944,0.0044885843364338,640
1,short,2,calm,51,0.0039562422115327,0.0035221966672482,0.0044099656545976,640
1,short,2,calm,52,0.0038838148879565,0.003453765922135,0.0043341826421528,640
1,short,2,calm,53,0.0038140305614676,0.003387906944956,0.004261082358994,640
1,short,2,calm,54,0.0037467464708068,0.0033244780937925,0.0041905227467078,640
1,short,2,calm,55,0.0036818299782215,0.0032633479171133,0.0041223716737,640
1,short,2,calm,56,0.0036191576865309,0.0032043942547587,0.0040565060794081,640
1,short,2,calm,57,0.0035586146470956,0.0031475034323663,0.0039928112057847,640
1,short,2,calm,58,0.0035000936479513,0.0030925695381083,0.0039311799058226,640
1,short,2,calm,59,0.0034434945727915,0.0030394937720975,0.0038715120202429,640
1,short,2,calm,60,0.0033887238227008,0.0029881838600905,0.0038137138146175,640
1,short,2,calm,61,0.0033356937935842,0.0029385535241987,0.0037576974701869,640
1,short,2,calm,62,0.0032843224031279,0.0028905220042476,0.0037033806224789,640
1,short,2,calm,63,0.0032345326618959,0.0028440136242223,0.0036506859425628,640
1,short,2,calm,64,0.00318625228383,0.0027989573989238,0.0035995407564052,640
1,short,2,calm,65,0.0031394133319892,0.0027552866765545,0.0035498766983337,640
1,short,2,calm,66,0.0030939518958625,0.0027129388134641,0.0035016293950893,640
1,short,2,calm,67,0.0030498077970185,0.0026718548777303,0.0034547381773569,640
1,short,2,calm,68,0.0030069243202283,0.0026319793786395,0.0034091458160203,640
1,short,2,calm,69,0.0029652479675245,0.0025932600194648,0.0033647982806994,640
1,short,2,calm,70,0.0029247282329445,0.0025556474712362,0.0033216445183992,640
1,short,2,calm,71,0.0028853173959556,0.002519095165454,0.0032796362503404,640
1,short,2,calm,72,0.0028469703317772,0.0024835591039205,0.0032387277852477,640
1,short,2,calm,73,0.0028096443370088,0.0024489976840646,0.0031988758475597,640
1,short,2,calm,74,0.0027732989691403,0.0024153715383081,0.0031600394191842,640
1,short,2,calm,75,0.0027378958986726,0.0023826433861737,0.0031221795935655,640
1,short,2,calm,76,0.0027033987727048,0.0023507778979728,0.0030852594409609,640
1,short,2,calm,77,0.0026697730889657,0.0023197415690294,0.0030492438839293,640
1,short,2,calm,78,0.0026369860793647,0.0022895026035021,0.0030140995821409,640
1,short,2,calm,79,0.0026050066022362,0.0022600308069612,0.0029797948257012,640
1,short,2,calm,80,0.0025738050425264,0.0022312974869623,0.0029462994362633,640
1,short,2,calm,81,0.0025433532192484,0.002203275360929,0.0029135846752698,640
1,short,2,calm,82,0.0025136242995953,0.0021759384707271,0.0028816231587341,640
1,short,2,calm,83,0.0024845927191588,0.0021492621033702,0.0028503887780187,640
1,short,2,calm,84,0.0024562341077515,0.0021232227173494,0.002819856626126,640
1,short,2,calm,85,0.0024285252203801,0.0020977978741276,0.0027900029290564,640
1,short,2,calm,86,0.0024014438729559,0.002072966174381,0.0027608049818325,640
1,short,2,calm,87,0.0023749688823673,0.0020487071986089,0.0027322410888211,640
1,short,2,calm,88,0.002349080010573,0.0020250014517666,0.0027042905080211,640
1,short,2,calm,89,0.0023237579124045,0.0020018303116076,0.0026769333990111,640
1,short,2,calm,90,0.0022989840867934,0.0019791759804473,0.0026501507742793,640
1,short,2,calm,91,0.0022747408311637,0.0019570214400891,0.0026239244536818,640
1,short,2,calm,92,0.0022510111987534,0.0019353504096713,0.0025982370217959,640
1,short,2,calm,93,0.0022277789586456,0.0019141473062188,0.0025730717879564,640
1,short,2,calm,94,0.0022050285583133,0.001893397207697,0.0025484127487794,640
1,short,2,calm,95,0.0021827450884926,0.0018730858183876,0.0025242445529934,640
1,short,2,turbulent,0,0.2225644909199807,0.1982294423146364,0.248012913763108,640
1,short,2,turbulent,1,0.1060116955328392,0.0984300857686671,0.1133210003298801,640
1,short,2,turbulent,2,0.0686967408350633,0.0653545294183179,0.0716683286918542,640
1,short,2,turbulent,3,0.0504953847008236,0.0488750897510435,0.0517781470364503,640
1,short,2,turbulent,4,0.0397702179766308,0.0390129197852663,0.0402381670933562,640
1,short,2,turbulent,5,0.0327215628306289,0.0324515463540752,0.0327463863719972,640
1,short,2,turbulent,6,0.0277460377704466,0.027511451825347,0.0277727662382874,640
1,short,2,turbulent,7,0.0240519110959255,0.0236582495982552,0.0242687424227864,640
1,short,2,turbulent,8,0.0212039314171485,0.0207100076344802,0.0215468220341878,640
1,short,2,turbulent,9,0.0189433104175142,0.0183854512947473,0.0193717189319175,640
1,short,2,turbulent,10,0.0171066788717064,0.0165082318776557,0.0175938768251289,640
1,short,2,turbulent,11,0.0155859020539196,0.0149623388740472,0.0161136935747796,640
1,short,2,turbulent,12,0.0143066017841055,0.0136684197268076,0.0148622777525981,640
1,short,2,turbulent,13,0.0132159649376448,0.0125704149597366,0.0137904628643851,640
1,short,2,turbulent,14,0.0122754728124032,0.0116276291482099,0.012862221595487,640
1,short,2,turbulent,15,0.0114563822177766,0.0108098262701313,0.0120505529868818,640
1,short,2,turbulent,16,0.0107368164831327,0.0100940863013752,0.0113348231517704,640
1,short,2,turbulent,17,0.0100998353879466,0.0094627281554395,0.0106989936313346,640
1,short,2,turbulent,18,0.0095321204804335,0.0089019002926658,0.0101304099912239,640
1,short,2,turbulent,19,0.0090230586562328,0.0084006018099004,0.0096189543475014,640
1,short,2,turbulent,20,0.0085640901566887,0.0079499883384797,0.0091564403700802,640
1,short,2,turbulent,21,0.0081482361567614,0.0075428707387407,0.0087361735203395,640
1,short,2,turbulent,22,0.0077697508279931,0.0071733470043519,0.0083526261741203,640
1,short,2,turbulent,23,0.0074238612651774,0.0068365279160471,0.0080011940814428,640
1,short,2,turbulent,24,0.0071065704658044,0.0065283297811635,0.0076780113609755,640
1,short,2,turbulent,25,0.006814506241211,0.0062453159106463,0.007379808250603,640
1,short,2,turbulent,26,0.0065448040486027,0.0059845739959187,0.0071038005155131,640
1,short,2,turbulent,27,0.0062950151902084,0.0057436202663207,0.006847602589612,640
1,short,2,turbulent,28,0.0060630342030865,0.0055203238583008,0.0066091587143889,640
1,short,2,turbulent,29,0.0058470409225252,0.0053128466036191,0.0063866878705631,640
1,short,2,turbulent,30,0.0056454538764683,0.0051195946979761,0.0061786393840917,640
1,short,2,turbulent,31,0.0054568925103844,0.004939179608581,0.0059836568685693,640
1,short,2,turbulent,32,0.0052801463528195,0.0047703862285947,0.0058005487334474,640
1,short,2,turbulent,33,0.0051141496799283,0.0046121467617632,0.0056282639045646,640
1,short,2,turbulent,34,0.0049579605693489,0.004463519172177,0.0054658717131913,640
1,short,2,turbulent,35,0.0048107434822734,0.0043236692967059,0.0053125451420035,640
1,short,2,turbulent,36,0.0046717547002063,0.0041918559155889,0.005167546792074,640
1,short,2,turbulent,37,0.0045403300857968,0.0040674182271221,0.0050302170689924,640
1,short,2,turbulent,38,0.0044158747468234,0.0039497652876847,0.0048999641892937,640
1,short,2,turbulent,39,0.0042978542672533,0.0038383670673705,0.0047762556882275,640
1,short,2,turbulent,40,0.0041857872353923,0.0037327468407295,0.0046586111722071,640
1,short,2,turbulent,41,0.0040792388509678,0.0036324746863298,0.0045465961082216,640
1,short,2,turbulent,42,0.0039778154338981,0.0035371619115702,0.0044398164811826,640
1,short,2,turbulent,43,0.0038811596899832,0.0034464562530381,0.0043379141809424,640
1,short,2,turbulent,44,0.0037889466146902,0.0033600377297162,0.0042405630053327,640
1,short,2,turbulent,45,0.0037008799370398,0.0032776150479928,0.0041474651853549,640
1,short,2,turbulent,46,0.0036166890224087,0.0031989224748858,0.0040583483546558,640
1,short,2,turbulent,47,0.0035361261667072,0.0031237171100275,0.003972962898408,640
1,short,2,turbulent,48,0.0034589642255009,0.0030517764984662,0.0038910796273253,640
1,short,2,turbulent,49,0.003384994530751,0.0029828965357482,0.0038124877312325,640
1,short,2,turbulent,50,0.0033140250553292,0.0029168896244729,0.0037369929737683,640
1,short,2,turbulent,51,0.0032458787916426,0.0028535830478833,0.003664416095719,640
1,short,2,turbulent,52,0.0031803923158264,0.0027928175313323,0.0035945913993905,640
1,short,2,turbulent,53,0.0031174145132254,0.0027344459668478,0.0035273654905189,640
1,short,2,turbulent,54,0.0030568054444434,0.002678332279679,0.0034625961576441,640
1,short,2,turbulent,55,0.0029984353342281,0.0026243504187694,0.0034001513717394,640
1,short,2,turbulent,56,0.0029421836679615,0.0025723834556706,0.0033399083913085,640
1,short,2,turbulent,57,0.0028879383826501,0.0025223227785835,0.0032817529602059,640
1,short,2,turbulent,58,0.0028355951410967,0.0024740673700425,0.0032255785871634,640
1,short,2,turbulent,59,0.0027850566794577,0.0024275231583158,0.0031712858974775,640
1,short,2,turbulent,60,0.0027362322196858,0.0023826024339123,0.0031187820485665,640
1,short,2,turbulent,61,0.002689036939464,0.0023392233237191,0.0030679802021766,640
1,short,2,turbulent,62,0.0026433914931815,0.0022973093162511,0.0030187990469329,640
1,short,2,turbulent,63,0.0025992215783168,0.0022567888323265,0.0029711623657232,640
1,short,2,turbulent,64,0.0025564575422918,0.0022175948361896,0.0029249986430782,640
1,short,2,turbulent,65,0.0025150340254644,0.0021796644827155,0.0028802407083017,640
1,short,2,turbulent,66,0.0024748896364469,0.0021429387968615,0.00283682541061,640
1,short,2,turbulent,67,0.002435966656392,0.0021073623819864,0.0027946933229811,640
1,short,2,turbulent,68,0.0023982107692802,0.0020728831540589,0.0027537884717968,640
1,short,2,turbulent,69,0.0023615708155826,0.0020394520991186,0.0027140580896959,640
1,short,2,turbulent,70,0.0023259985669739,0.002007023051659,0.0026754523893458,640
1,short,2,turbulent,71,0.0022914485200279,0.0019755524918605,0.0026379243560971,640
1,short,2,turbulent,72,0.0022578777070601,0.0019449993598357,0.0026014295577066,640
1,short,2,turbulent,73,0.0022252455224784,0.0019153248852476,0.0025659259695142,640
1,short,2,turbulent,74,0.0021935135631811,0.0018864924308423,0.0025313738136265,640
1,short,2,turbulent,75,0.0021626454816961,0.0018584673485902,0.0024977354108178,640
1,short,2,turbulent,76,0.0021326068508921,0.001831216847271,0.0024649750439894,640
1,short,2,turbulent,77,0.0021033650392133,0.0018047098704553,0.0024330588321489,640
1,short,2,turbulent,78,0.0020748890954958,0.0017789169839472,0.0024019546139756,640
1,short,2,turbulent,79,0.0020471496425204,0.0017538102718439,0.0023716318401336,640
1,short,2,turbulent,80,0.0020201187785377,0.0017293632404557,0.0023420614735729,640
1,short,2,turbulent,81,0.001993769986081,0.0017055507294015,0.002313215897139,640
1,short,2,turbulent,82,0.0019680780474441,0.0016823488292669,0.0022850688278704,640
1,short,2,turbulent,83,0.0019430189662645,0.0016597348052652,0.002257595237429,640
1,short,2,turbulent,84,0.0019185698947043,0.0016376870263999,0.0022307712781551,640
1,short,2,turbulent,85,0.0018947090657685,0.0016161848996732,0.00220457421429,640
1,short,2,turbulent,86,0.0018714157303435,0.0015952088089254,0.00217898235795,640
1,short,2,turbulent,87,0.0018486700985772,0.001574740057933,0.0021539750094719,640
1,short,2,turbulent,88,0.0018264532852545,0.0015547608174215,0.0021295324017875,640
1,short,2,turbulent,89,0.0018047472588569,0.001535254075686,0.0021056356485119,640
1,short,2,turbulent,90,0.0017835347940172,0.0015162035925349,0.0020822666954601,640
1,short,2,turbulent,91,0.0017627994271112,0.0014975938563004,0.0020594082753311,640
1,short,2,turbulent,92,0.0017425254147458,0.0014794100436805,0.0020370438653198,640
1,short,2,turbulent,93,0.0017226976949274,0.0014616379821981,0.0020151576474389,640
1,short,2,turbulent,94,0.00170330185071,0.0014442641150807,0.0019937344713515,640
1,short,2,turbulent,95,0.0016843240761414,0.0014272754683814,0.0019727598195294,640
2,long,1,calm,0,0.0891929696842889,0.075636831049106,0.1044639294773845,640
2,long,1,calm,1,0.0560583779032355,0.0495570022477489,0.0629817119375829,640
2,long,1,calm,2,0.042722768056108,0.0386980747854369,0.04684549605478,640
2,long,1,calm,3,0.035233065389183,0.0324695844302221,0.037971920627851,640
2,long,1,calm,4,0.0303403594106818,0.0283375058182864,0.0322640034104972,640
2,long,1,calm,5,0.0268515454215608,0.0253548509704271,0.0282433329174552,640
2,long,1,calm,6,0.0242166986342881,0.0230793471954915,0.0252374103289137,640
2,long,1,calm,7,0.0221442172098025,0.0212739646316926,0.0228934195627575,640
2,long,1,calm,8,0.020463887645368,0.0197990974942751,0.0210072559169191,640
2,long,1,calm,9,0.0190691187835131,0.0185666403530402,0.0194520939325094,640
2,long,1,calm,10,0.0178894720915248,0.017517970352415,0.018144696065559,640
2,long,1,calm,11,0.0168763758607411,0.0166124147337297,0.0170280159559718,640
2,long,1,calm,12,0.0159951596049942,0.0158207795868607,0.0160615594999198,640
2,long,1,calm,13,0.0152203570350323,0.0151215121651645,0.0152157334626239,640
2,long,1,calm,14,0.0145328061441353,0.0144683744143959,0.0144983191942143,640
2,long,1,calm,15,0.0139177886005191,0.0138025322556909,0.013938631463643,640
2,long,1,calm,16,0.0133637962843336,0.0132050072950222,0.0134325814582097,640
2,long,1,calm,17,0.0128616902324698,0.012665356811462,0.0129723033794234,640
2,long,1,calm,18,0.01240411292655,0.0121752035140549,0.0125514421389738,640
2,long,1,calm,19,0.0119850686756107,0.0117277435643979,0.0121648015252172,640
2,long,1,calm,20,0.0115996182490558,0.0113173897622905,0.011808087295333,640
2,long,1,calm,21,0.0112436528410908,0.0109395082734604,0.0114777163993955,640
2,long,1,calm,22,0.0109137241831829,0.0105902213556829,0.011170673157341,640
2,long,1,calm,23,0.0106069150852045,0.0102662574648769,0.0108843993446194,640
2,long,1,calm,24,0.0103207395429003,0.0099648359130309,0.0106167091463691,640
2,long,1,calm,25,0.0100530647755445,0.0096835770849621,0.0103657226072596,640
2,long,1,calm,26,0.0098020497410718,0.0094204318093437,0.0101298130142467,640
2,long,1,calm,27,0.0095660961790165,0.009173625256644,0.0099075648987978,640
2,long,1,calm,28,0.0093438092825389,0.0089416119761593,0.0096977402208705,640
2,long,1,calm,29,0.0091339658462555,0.0087230395614197,0.0094992509195658,640
2,long,1,calm,30,0.0089354882723566,0.0085167190621971,0.0093111364639209,640
2,long,1,calm,31,0.00874742320731,0.0083216007179331,0.0091325453643852,640
2,long,1,calm,32,0.0085689238683019,0.0081367539226862,0.0089627198467199,640
2,long,1,calm,33,0.0083992353318962,0.0079613505805256,0.0088009830698141,640
2,long,1,calm,34,0.0082376822176142,0.0077946511968082,0.0086467284041803,640
2,long,1,calm,35,0.0080836583205856,0.0076359931918787,0.008499410390623,640
2,long,1,calm,36,0.0079366178402771,0.0074847810314144,0.0083585370772681,640
2,long,1,calm,37,0.0077960679238762,0.0073404778504877,0.0082236634939105,640
2,long,1,calm,38,0.0076615622985022,0.0072025983126548,0.008094386069913,640
2,long,1,calm,39,0.0075326958099026,0.0070707024955504,0.0079703378389454,640
2,long,1,calm,40,0.0074090997195498,0.0069443906339142,0.0078511843030831,640
2,long,1,calm,41,0.0072904376392053,0.0068232985821986,0.007736619851994,640
2,long,1,calm,42,0.0071764020036766,0.0067070938837676,0.0076263646514831,640
2,long,1,calm,43,0.0070667109998657,0.0065954723536132,0.0075201619305624,640
2,long,1,calm,44,0.006961105884219,0.0064881550975487,0.0074177756082428,640
2,long,1,calm,45,0.0068593486320516,0.0063848859038301,0.0073189882110186,640
2,long,1,calm,46,0.0067612198714779,0.0062854289537157,0.007223599039986,640
2,long,1,calm,47,0.0066665170622596,0.0061895668061186,0.0071314225530748,640
2,long,1,calm,48,0.0065750528861159,0.0060970986185987,0.0070422869332564,640
2,long,1,calm,49,0.006486653820191,0.0060078385727933,0.0069560328180424,640
2,long,1,calm,50,0.0064011588696461,0.0059216144772366,0.0068725121692868,640
2,long,1,calm,51,0.0063184184388968,0.005838266524547,0.0067915872653892,640
2,long,1,calm,52,0.0062382933239926,0.0057576461833308,0.0067131298005745,640
2,long,1,calm,53,0.0061606538111277,0.0056796152079668,0.0066370200780937,640
2,long,1,calm,54,0.0060853788683732,0.0056040447518142,0.0065631462860182,640
2,long,1,calm,55,0.0060123554194929,0.0055308145713815,0.0064914038458416,640
2,long,1,calm,56,0.0059414776902098,0.0054598123106912,0.0064216948254184,640
2,long,1,calm,57,0.0058726466185663,0.0053909328565131,0.0063539274088803,640
2,long,1,calm,58,0.0058057693221121,0.0053240777563626,0.0062880154171267,640
2,long,1,calm,59,0.0057407586155844,0.005259154692208,0.0062238778732972,640
2,long,1,calm,60,0.0056775325735439,0.0051960770037268,0.0061614386083383,640
2,long,1,calm,61,0.0056160141331176,0.0051347632557202,0.0061006259023735,640
2,long,1,calm,62,0.0055561307325895,0.0050751368449582,0.0060413721581103,640
2,long,1,calm,63,0.0054978139820956,0.0050171256423004,0.0059836136029638,640
2,long,1,calm,64,0.0054409993631171,0.0049606616664319,0.0059272900169684,640
2,long,1,calm,65,0.0053856259538574,0.0049056807859842,0.0058723444838861,640
2,long,1,calm,66,0.0053316361779166,0.0048521224471833,0.0058187231632175,640
2,long,1,calm,67,0.0052789755739749,0.0047999294244941,0.0057663750810767,640
2,long,1,calm,68,0.0052275925844477,0.0047490475920139,0.0057152519381173,640
2,long,1,calm,69,0.0051774383613008,0.0046994257136152,0.0056653079328963,640
2,long,1,calm,70,0.0051284665874098,0.0046510152500577,0.0056164995992337,640
2,long,1,calm,71,0.0050806333120204,0.0046037701814803,0.0055687856562788,640
2,long,1,calm,72,0.0050338967990177,0.004557646843853,0.005522126870131,640
2,long,1,calm,73,0.0049882173868484,0.0045126037781154,0.0054764859259788,640
2,long,1,calm,74,0.004943557359056,0.0044686015908628,0.0054318273098285,640
2,long,1,calm,75,0.0048998808244965,0.0044256028255544,0.0053881171989856,640
2,long,1,calm,76,0.0048571536063932,0.0043835718433229,0.0053453233605361,640
2,long,1,calm,77,0.0048153431394747,0.0043424747125557,0.0053034150571485,640
2,long,1,calm,78,0.0047744183745103,0.004302279106498,0.0052623629595806,640
2,long,1,calm,79,0.004734349689626,0.0042629542082036,0.0052221390653384,640
2,long,1,calm,80,0.0046951088078415,0.0042244706222206,0.005182716622981,640
2,long,1,calm,81,0.00465666872032,0.0041868002924581,0.0051440700616182,640
2,long,1,calm,82,0.004619003614873,0.0041499164257336,0.0051061749251832,640
2,long,1,calm,83,0.0045820888092992,0.0041137934205431,0.0050690078111063,640
2,long,1,calm,84,0.0045459006891799,0.0040784068006409,0.0050325463130455,640
2,long,1,calm,85,0.0045104166497833,0.0040437331530519,0.004996768967361,640
2,long,1,calm,86,0.0044756150417619,0.0040097500701735,0.0049616552030497,640
2,long,1,calm,87,0.0044414751203559,0.0039764360956524,0.0049271852948778,640
2,long,1,calm,88,0.0044079769978384,0.0039437706737519,0.0048933403194752,640
2,long,1,calm,89,0.0043751015989629,0.003911734101948,0.0048601021141714,640
2,long,1,calm,90,0.0043428306191907,0.0038803074865137,0.0048274532383759,640
2,long,1,calm,91,0.0043111464854984,0.0038494727008753,0.0047953769373179,640
2,long,1,calm,92,0.0042800323195787,0.0038192123465372,0.004763857107978,640
2,long,1,calm,93,0.0042494719032652,0.0037895097163922,0.0047328782670576,640
2,long,1,calm,94,0.0042194496460241,0.0037603487602484,0.0047024255208436,640
2,long,1,calm,95,0.0041899505543692,0.0037317140524164,0.004672484536838,640
2,long,1,turbulent,0,0.1185255412403059,0.1017977433435332,0.1369989275522367,640
2,long,1,turbulent,1,0.0690253393684681,0.061801149605339,0.0765335698419009,640
2,long,1,turbulent,2,0.0503103534581088,0.0461541595730463,0.0544421557277029,640
2,long,1,turbulent,3,0.0401980655399191,0.0375193198502677,0.0427549866075539,640
2,long,1,turbulent,4,0.0337765543510734,0.0319506536572257,0.0354472349471802,640
2,long,1,turbulent,5,0.0292990792098793,0.0280200722235727,0.0304137601817436,640
2,long,1,turbulent,6,0.0259797804111485,0.0250765370230947,0.0267198991011075,640
2,long,1,turbulent,7,0.023410018522702,0.0227778831140883,0.023884798312535,640
2,long,1,turbulent,8,0.0213551580409835,0.0209258710058581,0.0216348286314089,640
2,long,1,turbulent,9,0.0196703436439362,0.0193971601118407,0.0198023698433542,640
2,long,1,turbulent,10,0.018261046095944,0.0181107075355142,0.0182787844667549,640
2,long,1,turbulent,11,0.017062810804173,0.0169904515357376,0.0170109141771209,640
2,long,1,turbulent,12,0.0160300963374099,0.0158856412859853,0.0160582767007868,640
2,long,1,turbulent,13,0.0151297614069699,0.0149268997981274,0.0152239014858923,640
2,long,1,turbulent,14,0.0143370818662134,0.0140864160004101,0.014486132196293,640
2,long,1,turbulent,15,0.0136332174166198,0.0133430889750222,0.0138283945772371,640
2,long,1,turbulent,16,0.0130035457058821,0.0126806078899075,0.0132377729292722,640
2,long,1,turbulent,17,0.0124365349073377,0.0120861578821349,0.0127040427634117,640
2,long,1,turbulent,18,0.0119229614132913,0.0115495255154647,0.0122189969939761,640
2,long,1,turbulent,19,0.0114553549497344,0.0110624665646644,0.0117759662897943,640
2,long,1,turbulent,20,0.0110275972720422,0.0106182503314585,0.0113694710048485,640
2,long,1,turbulent,21,0.0106346268559973,0.0102113253921497,0.0109949642211981,640
2,long,1,turbulent,22,0.0102722181782695,0.0098370705295805,0.0106486391095852,640
2,long,1,turbulent,23,0.0099368144115886,0.0094916064854595,0.0103272824863716,640
2,long,1,turbulent,24,0.0096253989806127,0.0091716518358984,0.0100281620750568,640
2,long,1,turbulent,25,0.0093353957992531,0.0088744113444302,0.0097489387111478,640
2,long,1,turbulent,26,0.0090645909561162,0.0085974885390561,0.0094875972481045,640
2,long,1,turbulent,27,0.008811070632976,0.0083388165778703,0.0092423916523522,640
2,long,1,turbulent,28,0.0085731714459145,0.0080966030771295,0.0090118009826465,640
2,long,1,turbulent,29,0.0083494403907633,0.0078692857093964,0.0087944938037047,640
2,long,1,turbulent,30,0.0081386022844584,0.0076554961889482,0.0085892991970871,640
2,long,1,turbulent,31,0.0079395331083819,0.0074540308469727,0.0083951829775388,640
2,long,1,turbulent,32,0.0077512380368641,0.0072638264272014,0.0082112280500567,640
2,long,1,turbulent,33,0.0075728332134092,0.0070839400491654,0.0080366180857527,640
2,long,1,turbulent,34,0.0074035305462727,0.0069135325226598,0.0078706238766381,640
2,long,1,turbulent,35,0.0072426249529317,0.0067518543752097,0.0077125918672352,640
2,long,1,turbulent,36,0.0070894836033179,0.0065982340898709,0.0075619344660965,640
2,long,1,turbulent,37,0.0069435368041139,0.0064520681546328,0.0074181218212621,640
2,long,1,turbulent,38,0.0068042702379862,0.0063128126050204,0.0072806748064649,640
2,long,1,turbulent,39,0.0066712183274366,0.0061799758040267,0.0071491590139383,640
2,long,1,turbulent,40,0.00654395853678,0.0060531122525363,0.0070231795882574,640
2,long,1,turbulent,41,0.0064221064603977,0.0059318172620848,0.0069023767661824,640
2,long,1,turbulent,42,0.0063053115729631,0.0058157223525195,0.0067864220117999,640
2,long,1,turbulent,43,0.0061932535393697,0.0057044912616596,0.0066750146557426,640
2,long,1,turbulent,44,0.0060856389998222,0.0055978164737612,0.0065678789629714,640
2,long,1,turbulent,45,0.0059821987598811,0.0054954161895047,0.0064647615663137,640
2,long,1,turbulent,46,0.0058826853269045,0.0053970316731358,0.0063654292133035,640
2,long,1,turbulent,47,0.0057868707438405,0.0053024249229233,0.0062696667823275,640
2,long,1,turbulent,48,0.0056945446791343,0.0052113766197267,0.0061772755310355,640
2,long,1,turbulent,49,0.0056055127379394,0.0051236843155629,0.0060880715457092,640
2,long,1,turbulent,50,0.0055195949651494,0.0050391608299346,0.0060018843650348,640
2,long,1,turbulent,51,0.0054366245151833,0.004957632826547,0.0059185557556782,640
2,long,1,turbulent,52,0.0053564464671492,0.0048789395470964,0.005837938620364,640
2,long,1,turbulent,53,0.0052789167670933,0.0048029316822053,0.0057598960219245,640
2,long,1,turbulent,54,0.0052039012816367,0.0047294703624222,0.0056843003091117,640
2,long,1,turbulent,55,0.0051312749494865,0.0046584262545989,0.0056110323319308,640
2,long,1,turbulent,56,0.0050609210191574,0.0045896787509833,0.0055399807359126,640
2,long,1,turbulent,57,0.0049927303628045,0.0045231152400764,0.0054710413261578,640
2,long,1,turbulent,58,0.0049266008574057,0.0044586304497625,0.005404116493186,640
2,long,1,turbulent,59,0.0048624368256691,0.0043961258544621,0.0053391146936511,640
2,long,1,turbulent,60,0.0048001485300135,0.0043355091391177,0.0052759499798638,640
2,long,1,turbulent,61,0.0047396517138088,0.0042766937137363,0.0052145415728208,640
2,long,1,turbulent,62,0.0046808671847807,0.0042195982729907,0.005154813474087,640
2,long,1,turbulent,63,0.0046237204361053,0.0041641463960581,0.0050966941124439,640
2,long,1,turbulent,64,0.0045681413012552,0.0041102661824578,0.0050401160217009,640
2,long,1,turbulent,65,0.0045140636391237,0.0040578899201506,0.00498501554649,640
2,long,1,turbulent,66,0.0044614250463592,0.0040069537826037,0.0049313325732318,640
2,long,1,turbulent,67,0.0044101665941908,0.0039573975519036,0.0048790102837788,640
2,long,1,turbulent,68,0.0043602325873354,0.0039091643653313,0.0048279949295241,640
2,long,1,turbulent,69,0.0043115703428444,0.0038622004831059,0.0047782356240058,640
2,long,1,turbulent,70,0.0042641299869824,0.0038164550752526,0.0047296841522535,640
2,long,1,turbulent,71,0.004217864268437,0.0037718800257792,0.0046822947953119,640
2,long,1,turbulent,72,0.0041727283863416,0.0037284297525348,0.0046360241685397,640
2,long,1,turbulent,73,0.0041286798317509,0.0036860610413012,0.0045908310724324,640
2,long,1,turbulent,74,0.0040856782413516,0.0036447328928167,0.0045466763548442,640
2,long,1,turbulent,75,0.0040436852623156,0.0036044063815683,0.0045035227835978,640
2,long,1,turbulent,76,0.0040026644273121,0.0035650445253037,0.0044613349285764,640
2,long,1,turbulent,77,0.0039625810387951,0.0035266121643247,0.0044200790524768,640
2,long,1,turbulent,78,0.0039234020617695,0.003489075849712,0.0043797230094878,640
2,long,1,turbulent,79,0.0038850960243147,0.0034524037397183,0.0043402361512253,640
2,long,1,turbulent,80,0.0038476329252171,0.0034165655036384,0.004301589239322,640
2,long,1,turbulent,81,0.0038109841481223,0.0033815322325331,0.0042637543641249,640
2,long,1,turbulent,82,0.0037751223816731,0.0033472763562402,0.0042267048690055,640
2,long,1,turbulent,83,0.0037400215451506,0.003313771566161,0.0041904152798329,640
2,long,1,turbulent,84,0.0037056567191783,0.0032809927433573,0.0041548612392009,640
2,long,1,turbulent,85,0.0036720040810892,0.0032489158915345,0.0041200194450367,640
2,long,1,turbulent,86,0.0036390408445926,0.0032175180745295,0.0040858675932527,640
2,long,1,turbulent,87,0.0036067452034093,0.0031867773579488,0.0040523843241323,640
2,long,1,turbulent,88,0.0035750962785706,0.0031566727546411,0.0040195491721663,640
2,long,1,turbulent,89,0.0035440740691076,0.0031271841737111,0.0039873425190828,640
2,long,1,turbulent,90,0.0035136594058753,0.0030982923728075,0.0039557455498345,640
2,long,1,turbulent,91,0.0034838339082817,0.0030699789134437,0.0039247402113259,640
2,long,1,turbulent,92,0.0034545799437095,0.0030422261191252,0.0038943091736834,640
2,long,1,turbulent,93,0.0034258805894354,0.0030150170360815,0.0038644357938859,640
2,long,1,turbulent,94,0.0033977195968698,0.0029883353964141,0.0038351040815878,640
2,long,1,turbulent,95,0.0033700813579513,0.0029621655834879,0.0038062986669818,640
2,long,2,calm,0,0.1099423870072367,0.0940902627527261,0.1275458089919286,640
2,long,2,calm,1,0.0653721344346943,0.0583222116119184,0.0727498155045383,640
2,long,2,calm,2,0.0482307728207299,0.0440890778687025,0.0523839178238146,640
2,long,2,calm,3,0.0388705036963264,0.0361512474063831,0.0414951749318497,640
2,long,2,calm,4,0.0328804428831646,0.030992412113859,0.0346338274774021,640
2,long,2,calm,5,0.0286781891002459,0.02732878465852,0.0298788363742204,640
2,long,2,calm,6,0.025547101406154,0.0245712377253066,0.026371618249497,640
2,long,2,calm,7,0.0231125397797054,0.0224084898860462,0.0236680949729335,640
2,long,2,calm,8,0.0211584222446593,0.0206593831332052,0.0215144258228494,640
2,long,2,calm,9,0.0195508283105499,0.0192107659686167,0.0197545068639336,640
2,long,2,calm,10,0.0182020644597945,0.0179880351925395,0.0182868169557755,640
2,long,2,calm,11,0.017052153261703,0.0169398523855708,0.0170423462040401,640
2,long,2,calm,12,0.0160585987858311,0.0159724698638125,0.0160296399752585,640
2,long,2,calm,13,0.0151903973799472,0.0150418926138798,0.0152305763025469,640
2,long,2,calm,14,0.0144243654709672,0.0142243448596199,0.0145225109490648,640
2,long,2,calm,15,0.0137427983759045,0.0134998519844252,0.0138899887278682,640
2,long,2,calm,16,0.0131319273332804,0.0128529425532377,0.0133209416383583,640
2,long,2,calm,17,0.0125808731377903,0.0122714381732246,0.012805798173112,640
2,long,2,calm,18,0.0120809186853967,0.0117456153959388,0.0123368617137213,640
2,long,2,calm,19,0.0116249920655513,0.0112676123276245,0.0119078672465099,640
2,long,2,calm,20,0.0112072920889671,0.0108310002044056,0.0115136591365301,640
2,long,2,calm,21,0.0108230122816628,0.0104304686309381,0.0111499528674823,640
2,long,2,calm,22,0.0104681342790338,0.0100615906792241,0.0108131561476411,640
2,long,2,calm,23,0.010139270992467,0.0097206450914185,0.010500232719111,640
2,long,2,calm,24,0.0098335460382708,0.0094044799685293,0.0102085973673981,640
2,long,2,calm,25,0.0095484999665422,0.0091104070367196,0.0099360340522889,640
2,long,2,calm,26,0.0092820165570907,0.0088361187501034,0.009680631396184,640
2,long,2,calm,27,0.0090322643219759,0.0085796226559516,0.0094407313583878,640
2,long,2,calm,28,0.008797649659082,0.0083391889546074,0.0092148880363139,640
2,long,2,calm,29,0.0085767790237369,0.0081133082489269,0.0090018343230019,640
2,long,2,calm,30,0.0083684281464431,0.0079006572376274,0.008800454716582,640
2,long,2,calm,31,0.0081715168043367,0.0077000706567133,0.0086097629890019,640
2,long,2,calm,32,0.0079850880058738,0.0075105181757176,0.0084288837240584,640
2,long,2,calm,33,0.0078082907092178,0.0073310852534374,0.0082570369597553,640
2,long,2,calm,34,0.0076403653902854,0.0071609571805749,0.0080935253388718,640
2,long,2,calm,35,0.0074806319242034,0.0069994057047686,0.0079377232995358,640
2,long,2,calm,36,0.0073284793566491,0.006845777761444,0.0077890679353348,640
2,long,2,calm,37,0.0071833572282215,0.0066994859321162,0.0076470512297914,640
2,long,2,calm,38,0.0070447681821542,0.0065600003277431,0.0075112134284688,640
2,long,2,calm,39,0.0069122616381019,0.0064268416539129,0.0073811373576748,640
2,long,2,calm,40,0.0067854283559339,0.0062995752610977,0.0072564435346977,640
2,long,2,calm,41,0.0066638957460567,0.0061778060198747,0.0071367859430146,640
2,long,2,calm,42,0.0065473238087237,0.0060611738901655,0.0070218483686254,640
2,long,2,calm,43,0.0064354016055576,0.0059493500768389,0.0069113412118873,640
2,long,2,calm,44,0.006327844183223,0.0058420336827459,0.0068049987039052,640
2,long,2,calm,45,0.0062243898827154,0.0057389487853894,0.0067025764684366,640
2,long,2,calm,46,0.0061247979787334,0.0056398418757178,0.0066038493799639,640
2,long,2,calm,47,0.0060288466025912,0.0055444796075623,0.0065086096765166,640
2,long,2,calm,48,0.0059363309095095,0.0054526468144571,0.0064166652923502,640
2,long,2,calm,49,0.0058470614572092,0.0053641447573548,0.0063278383809701,640
2,long,2,calm,50,0.0057608627677702,0.0052787895723459,0.0062419640034537,640
2,long,2,calm,51,0.0056775720489076,0.005196410892141,0.0061588889607392,640
2,long,2,calm,52,0.0055970380543122,0.0051168506189472,0.0060784707516542,640
2,long,2,calm,53,0.0055191200656326,0.0050399618296113,0.0060005766410602,640
2,long,2,calm,54,0.0054436869811327,0.0049656077966249,0.0059250828246797,640
2,long,2,calm,55,0.0053706164981395,0.0048936611108761,0.0058518736790244,640
2,long,2,calm,56,0.0052997943781476,0.0048240028939714,0.0057808410864058,640
2,long,2,calm,57,0.0052311137849408,0.0047565220895934,0.005711883826347,640
2,long,2,calm,58,0.0051644746873581,0.0046911148247568,0.0056449070258444,640
2,long,2,calm,59,0.005099783319417,0.0046276838330159,0.0055798216619002,640
2,long,2,calm,60,0.0050369516914323,0.0045661379326965,0.0055165441105792,640
2,long,2,calm,61,0.0049758971465695,0.0045063915540993,0.0054549957375555,640
2,long,2,calm,62,0.0049165419579525,0.0044483643103726,0.0053951025257336,640
2,long,2,calm,63,0.0048588129620408,0.0043919806074008,0.0053367947360577,640
2,long,2,calm,64,0.0048026412245026,0.0043371692886145,0.0052800065980856,640
2,long,2,calm,65,0.004747961735254,0.0042838633111144,0.0052246760273028,640
2,long,2,calm,66,0.0046947131297193,0.0042319994499211,0.0051707443665006,640
2,long,2,calm,67,0.0046428374337057,0.0041815180275297,0.0051181561488447,640
2,long,2,calm,68,0.0045922798295778,0.0041323626662691,0.0050668588805272,640
2,long,2,calm,69,0.004542988441674,0.0040844800612436,0.0050168028411253,640
2,long,2,calm,70,0.004494914139132,0.0040378197718806,0.0049679408999957,640
2,long,2,calm,71,0.0044480103544896,0.0039923340303212,0.0049202283472098,640
2,long,2,calm,72,0.0044022329165976,0.0039479775650816,0.0048736227376959,640
2,long,2,calm,73,0.0043575398965388,0.0039047074385771,0.0048280837473912,640
2,long,2,calm,74,0.00431389146538,0.0038624828972492,0.0047835730403293,640
2,long,2,calm,75,0.0042712497627036,0.0038212652331645,0.0047400541457001,640
2,long,2,calm,76,0.0042295787749734,0.0037810176560694,0.0046974923440126,640
2,long,2,calm,77,0.0041888442228813,0.0037417051749871,0.0046558545615789,640
2,long,2,calm,78,0.0041490134569069,0.0037032944885335,0.0046151092726134,640
2,long,2,calm,79,0.0041100553603955,0.0036657538832078,0.0045752264083084,640
2,long,2,calm,80,0.0040719402595272,0.0036290531389877,0.0045361772723096,640
2,long,2,calm,81,0.0040346398396089,0.0035931634416213,0.0044979344620686,640
2,long,2,calm,82,0.003998127067174,0.0035580573010657,0.0044604717955958,640
2,long,2,calm,83,0.0039623761174235,0.0035237084755733,0.0044237642431857,640
2,long,2,calm,84,0.0039273623065812,0.0034900919009731,0.0043877878637203,640
2,long,2,calm,85,0.0038930620287804,0.0034571836247349,0.0043525197451944,640
2,long,2,calm,86,0.003859452697126,0.0034249607444417,0.0043179379491386,640
2,long,2,calm,87,0.0038265126886145,0.0033934013503284,0.0042840214586411,640
2,long,2,calm,88,0.003794221292617,0.0033624844715766,0.0042507501296996,640
2,long,2,calm,89,0.0037625586626587,0.0033321900260789,0.004218104645653,640
2,long,2,calm,90,0.0037315057712487,0.0033024987734149,0.0041860664744688,640
2,long,2,calm,91,0.0037010443675381,0.0032733922707997,0.0041546178286754,640
2,long,2,calm,92,0.0036711569375979,0.0032448528317868,0.0041237416277502,640
2,long,2,calm,93,0.003641826667132,0.0032168634875271,0.0040934214627892,640
2,long,2,calm,94,0.0036130374064481,0.0031894079503984,0.0040636415632951,640
2,long,2,calm,95,0.0035847736375307,0.0031624705798397,0.0040343867659375,640
2,long,2,turbulent,0,0.1435380433878867,0.1244906880286274,0.1642592013218926,640
2,long,2,turbulent,1,0.0790826521660156,0.0715011242754666,0.0868124695627221,640
2,long,2,turbulent,2,0.0558010977719645,0.0516939672570947,0.0597830616267963,640
2,long,2,turbulent,3,0.0435707894994115,0.0410666119178335,0.0458811732367415,640
2,long,2,turbulent,4,0.0359627437262414,0.0343526989697623,0.0373660596564823,640
2,long,2,turbulent,5,0.0307437575532293,0.0296903875757476,0.0315958873297582,640
2,long,2,turbulent,6,0.0269266736979282,0.0262457166087269,0.0274182359843324,640
2,long,2,turbulent,7,0.0240054379260922,0.0235865747776585,0.0242486139166788,640
2,long,2,turbulent,8,0.021692942435769,0.0214655914678781,0.0217583820492921,640
2,long,2,turbulent,9,0.0198137656464524,0.0197304443981371,0.0197482995807973,640
2,long,2,turbulent,10,0.0182544735528659,0.0180904111114728,0.0182819585124553,640
2,long,2,turbulent,11,0.0169383518645867,0.0166987114575496,0.0170526496837428,640
2,long,2,turbulent,12,0.0158115970826373,0.0155132154006398,0.0159949241644616,640
2,long,2,turbulent,13,0.0148353197506436,0.0144907850379043,0.0150742057470814,640
2,long,2,turbulent,14,0.013980687847285,0.013599587902637,0.0142647399886436,640
2,long,2,turbulent,15,0.0132258574298097,0.0128156111842686,0.0135469298235554,640
2,long,2,turbulent,16,0.0125539660414424,0.0121203929227991,0.012905586026015,640
2,long,2,turbulent,17,0.0119517821241953,0.0114995011797643,0.012328744804095,640
2,long,2,turbulent,18,0.0114087726332589,0.0109414881402394,0.0118068483860888,640
2,long,2,turbulent,19,0.0109164448653031,0.0104371544636567,0.0113321645117503,640
2,long,2,turbulent,20,0.010467872601771,0.0099790214390317,0.0108983670706239,640
2,long,2,turbulent,21,0.0100573488977686,0.0095609454529994,0.0105002278346907,640
2,long,2,turbulent,22,0.009680127619962,0.009177831873363,0.0101333862869207,640
2,long,2,turbulent,23,0.0093322282870531,0.0088254196323794,0.009794175320028,640
2,long,2,turbulent,24,0.009010286790829,0.0085001169067885,0.0094794875439658,640
2,long,2,turbulent,25,0.0087114398577689,0.0081988742727954,0.0091866715380096,640
2,long,2,turbulent,26,0.0084332346550719,0.0079190857162583,0.0089134504762275,640
2,long,2,turbulent,27,0.0081735573644497,0.0076585106034808,0.0086578576722796,640
2,long,2,turbulent,28,0.0079305762254073,0.0074152116037086,0.0084181850618236,640
2,long,2,turbulent,29,0.0077026957311986,0.0071875048786438,0.0081929416797077,640
2,long,2,turbulent,30,0.007488519503625,0.0069739197969537,0.0079808199321132,640
2,long,2,turbulent,31,0.007286819981881,0.006773166111296,0.0077806680017892,640
2,long,2,turbulent,32,0.0070965135058067,0.0065841070310081,0.0075914671185776,640
2,long,2,turbulent,33,0.0069166397028033,0.0064057369890455,0.007412312719178,640
2,long,2,turbulent,34,0.0067463443331319,0.0062371631739422,0.0072423987382731,640
2,long,2,turbulent,35,0.0065848649332467,0.0060775901022338,0.007081004437821,640
2,long,2,turbulent,36,0.0064315187373687,0.0059263066620561,0.0069274833067285,640
2,long,2,turbulent,37,0.0062856924652305,0.0057826751774107,0.0067812536593998,640
2,long,2,turbulent,38,0.006146833647125,0.0056461221341797,0.0066417906361579,640
2,long,2,turbulent,39,0.0060144432221312,0.0055161302801054,0.0065086193666016,640
2,long,2,turbulent,40,0.0058880691961162,0.0053922318666052,0.0063813091025332,640
2,long,2,turbulent,41,0.005767301186118,0.0052740028441026,0.0062594681630898,640
2,long,2,turbulent,42,0.0056517657094608,0.0051610578572791,0.0061427395633302,640
2,long,2,turbulent,43,0.0055411221013036,0.0050530459143218,0.0060307972204016,640
2,long,2,turbulent,44,0.005435058964664,0.0049496466264263,0.005923342649808,640
2,long,2,turbulent,45,0.0053332910733873,0.0048505669316919,0.0058201020791676,640
2,long,2,turbulent,46,0.0052355566618456,0.0047555382320278,0.0057208239189241,640
2,long,2,turbulent,47,0.0051416150460161,0.0046643138834748,0.0056252765393344,640
2,long,2,turbulent,48,0.0050512445294756,0.0045766669899931,0.0055332463111393,640
2,long,2,turbulent,49,0.0049642405551649,0.0044923884586781,0.0054445358739842,640
2,long,2,turbulent,50,0.0048804140698184,0.0044112852809062,0.0053589626021588,640
2,long,2,turbulent,51,0.0047995900729634,0.0043331790093197,0.0052763572418049,640
2,long,2,turbulent,52,0.0047216063265688,0.00425790440506,0.0051965626975468,640
2,long,2,turbulent,53,0.0046463122049058,0.0041853082334185,0.005119432949695,640
2,long,2,turbulent,54,0.0045735676671106,0.0041152481892135,0.0050448320858475,640
2,long,2,turbulent,55,0.004503242337399,0.0040475919358549,0.004972633432973,640
2,long,2,turbulent,56,0.0044352146799593,0.0039822162442818,0.0049027187779668,640
2,long,2,turbulent,57,0.0043693712573128,0.00391900621985,0.0048349776662887,640
2,long,2,turbulent,58,0.0043056060624251,0.0038578546068471,0.0047693067696679,640
2,long,2,turbulent,59,0.0042438199161243,0.0037986611616747,0.0047056093150334,640
2,long,2,turbulent,60,0.0041839199224763,0.0037413320869037,0.0046437945678341,640
2,long,2,turbulent,61,0.0041258189756931,0.0036857795194041,0.004583777363773,640
2,long,2,turbulent,62,0.0040694353129603,0.0036319210666053,0.004525477683721,640
2,long,2,turbulent,63,0.0040146921082533,0.0035796793856794,0.0044688202672166,640
2,long,2,turbulent,64,0.0039615171028133,0.0035289818010755,0.004413734260506,640
2,long,2,turbulent,65,0.0039098422684679,0.0034797599563813,0.0043601528955621,640
2,long,2,turbulent,66,0.0038596035004299,0.0034319494969638,0.004308013196931,640
2,long,2,turbulent,67,0.0038107403365971,0.0033854897802562,0.0042572557136217,640
2,long,2,turbulent,68,0.0037631957007167,0.0033403236109154,0.0042078242735642,640
2,long,2,turbulent,69,0.0037169156670716,0.003296396998391,0.0041596657584434,640
2,long,2,turbulent,70,0.003671849244608,0.0032536589347194,0.0041127298969528,640
2,long,2,turbulent,71,0.0036279481786505,0.0032120611905992,0.0040669690747258,640
2,long,2,turbulent,72,0.0035851667685492,0.0031715581280127,0.0040223381593906,640
2,long,2,turbulent,73,0.0035434616997814,0.0031321065278461,0.0039787943393542,640
2,long,2,turbulent,74,0.0035027918891844,0.0030936654311236,0.0039362969750727,640
2,long,2,turbulent,75,0.0034631183421323,0.0030561959926148,0.0038948074616851,640
2,long,2,turbulent,76,0.0034244040205926,0.0030196613457041,0.0038542891020095,640
2,long,2,turbulent,77,0.0033866137211047,0.0029840264775204,0.0038147069889946,640
2,long,2,turbulent,78,0.0033497139618173,0.0029492581134297,0.0037760278968127,640
2,long,2,turbulent,79,0.0033136728778079,0.0029153246100791,0.0037382201798586,640
2,long,2,turbulent,80,0.003278460123982,0.0028821958562625,0.0037012536789891,640
2,long,2,turbulent,81,0.003244046784918,0.0028498431809458,0.0036650996344037,640
2,long,2,turbulent,82,0.0032104052910818,0.0028182392678563,0.0036297306046197,640
2,long,2,turbulent,83,0.0031775093408923,0.0027873580760942,0.0035951203910487,640
2,long,2,turbulent,84,0.0031453338281635,0.0027571747662756,0.0035612439677264,640
2,long,2,turbulent,85,0.0031138547744954,0.0027276656317625,0.0035280774157863,640
2,long,2,turbulent,86,0.003083049266222,0.0026988080345741,0.0034955978623076,640
2,long,2,turbulent,87,0.0030528953955617,0.0026705803456115,0.003463783423198,640
2,long,2,turbulent,88,0.0030233722056454,0.002642961888861,0.0034326131498029,640
2,long,2,turbulent,89,0.0029944596391271,0.0026159328892681,0.0034020669789591,640
2,long,2,turbulent,90,0.0029661384901058,0.0025894744240049,0.003372125686236,640
2,long,2,turbulent,91,0.0029383903591122,0.0025635683768744,0.0033427708421273,640
2,long,2,turbulent,92,0.0029111976109346,0.0025381973956186,0.0033139847709778,640
2,long,2,turbulent,93,0.0028845433350747,0.0025133448519163,0.0032857505124479,640
2,long,2,turbulent,94,0.0028584113086459,0.0024889948038752,0.0032580517853324,640
2,long,2,turbulent,95,0.0028327859615366,0.0024651319608369,0.0032308729535684,640
2,short,1,calm,0,0.178951427432473,0.1571719248590004,0.202198778778987,640
2,short,1,calm,1,0.0919912184215826,0.0842263490598125,0.0997075242202274,640
2,short,1,calm,2,0.0623302347320617,0.0584744092142153,0.0659348235712502,640
2,short,1,calm,3,0.0472887217950836,0.0451357828843128,0.0491674106350259,640
2,short,1,calm,4,0.03817015845154,0.0369234240521977,0.0391587773872735,640
2,short,1,calm,5,0.0320412880733754,0.0313356600166418,0.0325135396854832,640
2,short,1,calm,6,0.0276338279005121,0.0272763802353381,0.0277829608817514,640
2,short,1,calm,7,0.0243090943612088,0.0241876671531031,0.0242452541817586,640
2,short,1,calm,8,0.021710126694686,0.021500629161187,0.0217548810706424,640
2,short,1,calm,9,0.0196216338348406,0.0193098334636521,0.0197867730225599,640
2,short,1,calm,10,0.0179059838809014,0.0175209636814599,0.0181602388111799,640
2,short,1,calm,11,0.0164710456460536,0.0160329580883331,0.0167923644184481,640
2,short,1,calm,12,0.015252799053887,0.0147759804867048,0.0156252133086862,640
2,short,1,calm,13,0.0142053602739753,0.0137002323246214,0.0146170502451424,640
2,short,1,calm,14,0.0132949760176808,0.0127692515943329,0.0137370297497795,640
2,short,1,calm,15,0.0124962580131228,0.0119557313014023,0.0129618498876783,640
2,short,1,calm,16,0.0117897393147602,0.011238817743402,0.0122735710972659,640
2,short,1,calm,17,0.0111602407166308,0.0106023118229731,0.0116581521060738,640
2,short,1,calm,18,0.0105957501755626,0.0100334399386977,0.0111044417701719,640
2,short,1,calm,19,0.010086636523591,0.0095219946400869,0.0106034691174043,640
2,short,1,calm,20,0.0096250865628566,0.0090597215032022,0.0101479333614737,640
2,short,1,calm,21,0.0092046948039177,0.008639873698448,0.0097318310155721,640
2,short,1,calm,22,0.0088201596132865,0.0082568830917514,0.0093501788799622,640
2,short,1,calm,23,0.0084670548840955,0.0079061138082427,0.0089988052784657,640
2,short,1,calm,24,0.0081416561863718,0.0075836751128063,0.0086741906670766,640
2,short,1,calm,25,0.0078408068012538,0.007286277598472,0.0083733444853594,640
2,short,1,calm,26,0.0075618133499002,0.0070111214270156,0.0080937089704318,640
2,short,1,calm,27,0.0073023636551524,0.0067558085888493,0.0078330832766516,640
2,short,1,calm,28,0.0070604614962137,0.0065182733699866,0.0075895630608709,640
2,short,1,calm,29,0.0068343743344192,0.0062967267671175,0.0073614919699426,640
2,short,1,calm,30,0.0066225910959061,0.0060896116932908,0.0071474223767819,640
2,short,1,calm,31,0.0064237878223766,0.0058955666077889,0.0069460833674963,640
2,short,1,calm,32,0.0062367995294491,0.0057133957787058,0.0067563544610492,640
2,short,1,calm,33,0.0060605970010878,0.0055420448091916,0.006577243896301,640
2,short,1,calm,34,0.0058942675379505,0.0053805803719369,0.0064078705846599,640
2,short,1,calm,35,0.0057369988947891,0.0052281733315263,0.0062474490247507,640
2,short,1,calm,36,0.0055880658066775,0.0050840846120643,0.0060952766259478,640
2,short,1,calm,37,0.0054468186296447,0.0049476533030567,0.0059507230027749,640
2,short,1,calm,38,0.0053126737181713,0.0048182866007713,0.0058132208910159,640
2,short,1,calm,39,0.005185105237179,0.0046954512630321,0.0056822584054285,640
2,short,1,calm,40,0.0050636381648756,0.0045786663183856,0.0055573724129936,640
2,short,1,calm,41,0.0049478422890172,0.0044674968200299,0.0054381428382071,640
2,short,1,calm,42,0.0048373270357145,0.004361548473984,0.0053241877506753,640
2,short,1,calm,43,0.0047317369990285,0.0042604630020507,0.0052151591121889,640
2,short,1,calm,44,0.0046307480629171,0.0041639141249686,0.0051107390820407,640
2,short,1,calm,45,0.0045340640258666,0.0040716040711317,0.0050106367967554,640
2,short,1,calm,46,0.0044414136537362,0.0039832605323908,0.0049145855545082,640
2,short,1,calm,47,0.0043525480986971,0.0038986340015677,0.0048223403459955,640
2,short,1,calm,48,0.0042672386322443,0.0038174954370058,0.0047336756829197,640
2,short,1,calm,49,0.0041852746485444,0.003739634208251,0.0046483836829763,640
2,short,1,calm,50,0.0041064619012112,0.0036648562841748,0.0045662723766037,640
2,short,1,calm,51,0.004030620942254,0.0035929826308152,0.0044871642060414,640
2,short,1,calm,52,0.0039575857366375,0.0035238477911633,0.0044108946916354,640
2,short,1,calm,53,0.0038872024298124,0.0034572986232484,0.0043373112440004,640
2,short,1,calm,54,0.0038193282488491,0.0033931931763185,0.0042662721037228,640
2,short,1,calm,55,0.0037538305205664,0.0033313996878101,0.004197645392876,640
2,short,1,calm,56,0.0036905857923615,0.0032717956862335,0.0041313082647996,640
2,short,1,calm,57,0.003629479043415,0.0032142671871545,0.0040671461404435,640
2,short,1,calm,58,0.0035704029756048,0.0031587079712008,0.0040050520211431,640
2,short,1,calm,59,0.0035132573748798,0.003105018934495,0.0039449258690292,640
2,short,1,calm,60,0.0034579485350518,0.0030531075031819,0.0038866740474162,640
2,short,1,calm,61,0.0034043887369952,0.0030028871047943,0.0038302088144864,640
2,short,1,calm,62,0.0033524957771328,0.002954276690124,0.0037754478644308,640
2,short,1,calm,63,0.0033021925398451,0.0029072003000602,0.0037223139109236,640
2,short,1,calm,64,0.0032534066090982,0.0028615866725388,0.0036707343084347,640
2,short,1,calm,65,0.0032060699151543,0.002817368885337,0.0036206407074206,640
2,short,1,calm,66,0.0031601184127187,0.0027744840309584,0.0035719687399018,640
2,short,1,calm,67,0.0031154917873043,0.0027328729202962,0.0035246577323421,640
2,short,1,calm,68,0.0030721331869668,0.0026924798121463,0.003478650443096,640
2,short,1,calm,69,0.0030299889768884,0.0026532521659796,0.0034338928220027,640
2,short,1,calm,70,0.0029890085145671,0.0026151404156727,0.0033903337899707,640
2,short,1,calm,71,0.0029491439436216,0.0025780977621556,0.003347925036638,640
2,short,1,calm,72,0.0029103500044352,0.002542079983155,0.0033066208343964,640
2,short,1,calm,73,0.0028725838600545,0.0025070452584146,0.0032663778672543,640
2,short,1,calm,74,0.0028358049359276,0.0024729540089414,0.0032271550731709,640
2,short,1,calm,75,0.0027999747722127,0.0024397687489846,0.0031889134986392,640
2,short,1,calm,76,0.0027650568875226,0.0024074539495842,0.0031516161644178,640
2,short,1,calm,77,0.0027310166530821,0.0023759759126514,0.0031152279414262,640
2,short,1,calm,78,0.0026978211763823,0.002345302654641,0.0030797154359143,640
2,short,1,calm,79,0.0026654391935052,0.0023154037989784,0.003045046883106,640
2,short,1,calm,80,0.0026338409693724,0.0022862504764787,0.003011192048595,640
2,short,1,calm,81,0.0026029982052459,0.002257815233077,0.0029781221368389,640
2,short,1,calm,82,0.0025728839528736,0.0022300719442494,0.0029458097061628,640
2,short,1,calm,83,0.0025434725347261,0.0022029957355667,0.0029142285897361,640
2,short,1,calm,84,0.0025147394698293,0.0021765629088742,0.0028833538220372,640
2,short,1,calm,85,0.0024866614047376,0.0021507508736381,0.0028531615703672,640
2,short,1,calm,86,0.0024592160492363,0.0021255380830416,0.0028236290710099,640
2,short,1,calm,87,0.0024323821164006,0.0021009039744532,0.0027947345696742,640
2,short,1,calm,88,0.0024061392666694,0.0020768289139197,0.0027664572658881,640
2,short,1,calm,89,0.0023804680556229,0.0020532941443729,0.0027387772610391,640
2,short,1,calm,90,0.0023553498851818,0.0020302817372619,0.0027116755097854,640
2,short,1,calm,91,0.0023307669579686,0.0020077745473492,0.0026851337745851,640
2,short,1,calm,92,0.0023067022345941,0.0019857561704338,0.0026591345831116,640
2,short,1,calm,93,0.0022831393936526,0.0019642109037807,0.002633661188343,640
2,short,1,calm,94,0.0022600627942282,0.0019431237090581,0.0026086975311323,640
2,short,1,calm,95,0.002237457440728,0.0019224801775979,0.002584228205078,640
2,short,1,turbulent,0,0.210244119386815,0.1865455334225458,0.2351635981944454,640
2,short,1,turbulent,1,0.1022474914429624,0.094574806013139,0.1097076977619615,640
2,short,1,turbulent,2,0.0670683701190485,0.0635632398475938,0.0702322717496357,640
2,short,1,turbulent,3,0.0497257642062463,0.0479475105531627,0.0511804507187294,640
2,short,1,turbulent,4,0.0394271198232721,0.038529577848334,0.0400408318933136,640
2,short,1,turbulent,5,0.0326171910055854,0.0322252748048175,0.0327645133064943,640
2,short,1,turbulent,6,0.02778573539782,0.0276542734313197,0.0277069534910429,640
2,short,1,turbulent,7,0.0241830052845311,0.0238765245211491,0.0243084164288558,640
2,short,1,turbulent,8,0.0213949683042016,0.0209750660093071,0.0216584411633757,640
2,short,1,turbulent,9,0.0191744915791613,0.0186797085825204,0.0195337153558131,640
2,short,1,turbulent,10,0.0173650270708891,0.016820470627526,0.0177918055507295,640
2,short,1,turbulent,11,0.015862636101137,0.0152851859333029,0.0163375614385917,640
2,short,1,turbulent,12,0.0145956274930116,0.0139969177023439,0.0151049874805532,640
2,short,1,turbulent,13,0.0135129665010891,0.0129011747342005,0.0140468640741722,640
2,short,1,turbulent,14,0.0125773442450972,0.0119583073579587,0.0131285094478933,640
2,short,1,turbulent,15,0.0117608598666483,0.0111387925507348,0.012323874638361,640
2,short,1,turbulent,16,0.0110422348344648,0.0104202054810699,0.0116130129936059,640
2,short,1,turbulent,17,0.0104049608854053,0.0097852142931729,0.0109803908675397,640
2,short,1,turbulent,18,0.0098360360603381,0.0092202168552297,0.0104137303017077,640
2,short,1,turbulent,19,0.0093250820492932,0.0087143921898923,0.0099031979302733,640
2,short,1,turbulent,20,0.0088637151475439,0.0082590267438468,0.009440824971178,640
2,short,1,turbulent,21,0.0084450897462243,0.0078470270143288,0.0090200849503715,640
2,short,1,turbulent,22,0.0080635615959763,0.0074725611385037,0.0086355812682975,640
2,short,1,turbulent,23,0.0077144357413858,0.0071307913787729,0.008282812648656,640
2,short,1,turbulent,24,0.0073937753031685,0.0068176717443442,0.0079579947154682,640
2,short,1,turbulent,25,0.0070982546458322,0.0065297929980562,0.0076579226240083,640
2,short,1,turbulent,26,0.0068250453667694,0.0062642626122523,0.0073798641282625,640
2,short,1,turbulent,27,0.0065717268607504,0.0060186108282951,0.0071214754946644,640
2,short,1,turbulent,28,0.0063362154982545,0.0057907164404134,0.0068807347612476,640
2,short,1,turbulent,29,0.0061167080526506,0.0055787476439564,0.0066558883051022,640
2,short,1,turbulent,30,0.0059116361425469,0.0053811145036466,0.0064454077206056,640
2,short,1,turbulent,31,0.005719629267559,0.00519643046786,0.006247954758655,640
2,short,1,turbulent,32,0.0055394846053931,0.0050234809857449,0.0060623526213364,640
2,short,1,turbulent,33,0.0053701421711152,0.0048611977462154,0.0058875623068957,640
2,short,1,turbulent,34,0.0052106642606827,0.0047086374000776,0.0057226629975386,640
2,short,1,turbulent,35,0.0050602183414104,0.0045649638823939,0.0055668357059708,640
2,short,1,turbulent,36,0.0049180627338924,0.0044294336451978,0.0054193495657512,640
2,short,1,turbulent,37,0.0047835345685067,0.0043013832575265,0.0052795502796966,640
2,short,1,turbulent,38,0.0046560396061306,0.00418021894237,0.0051468503399999,640
2,short,1,turbulent,39,0.0045350435951352,0.0040654077071801,0.0050207207108188,640
2,short,1,turbulent,40,0.004420064901003,0.0039564697923293,0.0049006837242929,640
2,short,1,turbulent,41,0.0043106681953559,0.0038529722149969,0.0047863069882821,640
2,short,1,turbulent,42,0.004206459031031,0.0037545232278277,0.0046771981415565,640
2,short,1,turbulent,43,0.0041070791615029,0.0036607675449246,0.0045730003219702,640
2,short,1,turbulent,44,0.0040122024882555,0.0035713822142463,0.0044733882370028,640
2,short,1,turbulent,45,0.003921531540045,0.0034860730367499,0.0043780647452437,640
2,short,1,turbulent,46,0.0038347944044172,0.0034045714497759,0.0042867578729233,640
2,short,1,turbulent,47,0.0037517420451765,0.0033266318060807,0.0041992182022147,640
2,short,1,turbulent,48,0.0036721459503808,0.0032520289912465,0.004115216578335,640
2,short,1,turbulent,49,0.0035957960643408,0.0031805563314707,0.004034542090934,640
2,short,1,turbulent,50,0.0035224989644384,0.0031120237513479,0.0039570002922224,640
2,short,1,turbulent,51,0.0034520762496304,0.0030462561475462,0.0038824116200559,640
2,short,1,turbulent,52,0.0033843631125313,0.0029830919494838,0.0038106099989767,640
2,short,1,turbulent,53,0.0033192070711508,0.002922381842441,0.0037414415962071,640
2,short,1,turbulent,54,0.003256466839858,0.0028639876321602,0.0036747637129241,640
2,short,1,turbulent,55,0.0031960113220755,0.00280778123301,0.0036104437939537,640
2,short,1,turbulent,56,0.0031377187096745,0.0027536437643364,0.0035483585413769,640
2,short,1,turbulent,57,0.0030814756761238,0.0027014647417701,0.0034883931195439,640
2,short,1,turbulent,58,0.0030271766522099,0.0026511413520709,0.0034304404406775,640
2,short,1,turbulent,59,0.0029747231746436,0.0026025778016347,0.0033744005216909,640
2,short,1,turbulent,60,0.0029240232991428,0.0025556847300948,0.0033201799040686,640
2,short,1,turbulent,61,0.0028749910706747,0.0025103786815697,0.0032676911297099,640
2,short,1,turbulent,62,0.0028275460444701,0.0024665816270668,0.0032168522665341,640
2,short,1,turbulent,63,0.0027816128522277,0.0024242205323702,0.0031675864784187,640
2,short,1,turbulent,64,0.002737120808616,0.0023832269664486,0.0031198216347095,640
2,short,1,turbulent,65,0.0026940035537748,0.0023435367460289,0.003073489955117,640
2,short,1,turbulent,66,0.0026521987280348,0.0023050896125038,0.0030285276863119,640
2,short,1,turbulent,67,0.0026116476755213,0.0022678289378017,0.0029848748069657,640
2,short,1,turbulent,68,0.002572295173696,0.0022317014562399,0.0029424747583575,640
2,short,1,turbulent,69,0.0025340891862287,0.0021966570197282,0.0029012741979989,640
2,short,1,turbulent,70,0.0024969806368851,0.0021626483739892,0.0028612227740124,640
2,short,1,turbulent,71,0.0024609232023796,0.0021296309537237,0.0028222729182513,640
2,short,1,turbulent,72,0.0024258731223606,0.0020975626948816,0.0027843796563703,640
2,short,1,turbulent,73,0.0023917890249022,0.0020664038623963,0.0027475004332447,640
2,short,1,turbulent,74,0.0023586317660454,0.0020361168919208,0.0027115949523134,640
2,short,1,turbulent,75,0.0023263642820878,0.0020066662442581,0.0026766250275632,640
2,short,1,turbulent,76,0.0022949514534577,0.0019780182713162,0.0026425544470107,640
2,short,1,turbulent,77,0.0022643599791252,0.0019501410925391,0.0026093488466517,640
2,short,1,turbulent,78,0.0022345582606144,0.0019230044808733,0.0025769755939534,640
2,short,1,turbulent,79,0.0022055162947693,0.0018965797574235,0.0025454036800564,640
2,short,1,turbulent,80,0.0021772055745141,0.0018708396940372,0.0025146036199369,640
2,short,1,turbulent,81,0.002149598996922,0.001845758423131,0.0024845473598497,640
2,short,1,turbulent,82,0.0021226707779718,0.0018213113541404,0.0024552081914411,640
2,short,1,turbulent,83,0.0020963963734328,0.0017974750960334,0.0024265606719769,640
2,short,1,turbulent,84,0.00207075240537,0.0017742273853809,0.0023985805501831,640
2,short,1,turbulent,85,0.0020457165938097,0.0017515470195272,0.0023712446972437,640
2,short,1,turbulent,86,0.0020212676931483,0.0017294137944424,0.0023445310425427,640
2,short,1,turbulent,87,0.0019973854329248,0.0017078084468809,0.0023184185137723,640
2,short,1,turbulent,88,0.0019740504626118,0.0016867126005019,0.0022928869810661,640
2,short,1,turbulent,89,0.0019512443001107,0.0016661087156398,0.0022679172048451,640
2,short,1,turbulent,90,0.0019289492836649,0.0016459800424394,0.002243490787091,640
2,short,1,turbulent,91,0.001907148526929,0.0016263105770972,0.0022195901257871,640
2,short,1,turbulent,92,0.001885825876956,0.0016070850209713,0.002196198372289,640
2,short,1,turbulent,93,0.0018649658748826,0.0015882887423426,0.0021732993914076,640
2,short,1,turbulent,94,0.0018445537191148,0.0015699077406312,0.0021508777240051,640
2,short,1,turbulent,95,0.0018245752308278,0.0015519286128844,0.0021289185519212,640
2,short,2,calm,0,0.210244119386815,0.1865455334225458,0.2351635981944454,640
2,short,2,calm,1,0.1022474914429624,0.094574806013139,0.1097076977619615,640
2,short,2,calm,2,0.0670683701190485,0.0635632398475938,0.0702322717496357,640
2,short,2,calm,3,0.0497257642062463,0.0479475105531627,0.0511804507187294,640
2,short,2,calm,4,0.0394271198232721,0.038529577848334,0.0400408318933136,640
2,short,2,calm,5,0.0326171910055854,0.0322252748048175,0.0327645133064943,640
2,short,2,calm,6,0.02778573539782,0.0276542734313197,0.0277069534910429,640
2,short,2,calm,7,0.0241830052845311,0.0238765245211491,0.0243084164288558,640
2,short,2,calm,8,0.0213949683042016,0.0209750660093071,0.0216584411633757,640
2,short,2,calm,9,0.0191744915791613,0.0186797085825204,0.0195337153558131,640
2,short,2,calm,10,0.0173650270708891,0.016820470627526,0.0177918055507295,640
2,short,2,calm,11,0.015862636101137,0.0152851859333029,0.0163375614385917,640
2,short,2,calm,12,0.0145956274930116,0.0139969177023439,0.0151049874805532,640
2,short,2,calm,13,0.0135129665010891,0.0129011747342005,0.0140468640741722,640
2,short,2,calm,14,0.0125773442450972,0.0119583073579587,0.0131285094478933,640
2,short,2,calm,15,0.0117608598666483,0.0111387925507348,0.012323874638361,640
2,short,2,calm,16,0.0110422348344648,0.0104202054810699,0.0116130129936059,640
2,short,2,calm,17,0.0104049608854053,0.0097852142931729,0.0109803908675397,640
2,short,2,calm,18,0.0098360360603381,0.0092202168552297,0.0104137303017077,640
2,short,2,calm,19,0.0093250820492932,0.0087143921898923,0.0099031979302733,640
2,short,2,calm,20,0.0088637151475439,0.0082590267438468,0.009440824971178,640
2,short,2,calm,21,0.0084450897462243,0.0078470270143288,0.0090200849503715,640
2,short,2,calm,22,0.0080635615959763,0.0074725611385037,0.0086355812682975,640
2,short,2,calm,23,0.0077144357413858,0.0071307913787729,0.008282812648656,640
2,short,2,calm,24,0.0073937753031685,0.0068176717443442,0.0079579947154682,640
2,short,2,calm,25,0.0070982546458322,0.0065297929980562,0.0076579226240083,640
2,short,2,calm,26,0.0068250453667694,0.0062642626122523,0.0073798641282625,640
2,short,2,calm,27,0.0065717268607504,0.0060186108282951,0.0071214754946644,640
2,short,2,calm,28,0.0063362154982545,0.0057907164404134,0.0068807347612476,640
2,short,2,calm,29,0.0061167080526506,0.0055787476439564,0.0066558883051022,640
2,short,2,calm,30,0.0059116361425469,0.0053811145036466,0.0064454077206056,640
2,short,2,calm,31,0.005719629267559,0.00519643046786,0.006247954758655,640
2,short,2,calm,32,0.0055394846053931,0.0050234809857449,0.0060623526213364,640
2,short,2,calm,33,0.0053701421711152,0.0048611977462154,0.0058875623068957,640
2,short,2,calm,34,0.0052106642606827,0.0047086374000776,0.0057226629975386,640
2,short,2,calm,35,0.0050602183414104,0.0045649638823939,0.0055668357059708,640
2,short,2,calm,36,0.0049180627338924,0.0044294336451978,0.0054193495657512,640
2,short,2,calm,37,0.0047835345685067,0.0043013832575265,0.0052795502796966,640
2,short,2,calm,38,0.0046560396061306,0.00418021894237,0.0051468503399999,640
2,short,2,calm,39,0.0045350435951352,0.0040654077071801,0.0050207207108188,640
2,short,2,calm,40,0.004420064901003,0.0039564697923293,0.0049006837242929,640
2,short,2,calm,41,0.0043106681953559,0.0038529722149969,0.0047863069882821,640
2,short,2,calm,42,0.004206459031031,0.0037545232278277,0.0046771981415565,640
2,short,2,calm,43,0.0041070791615029,0.0036607675449246,0.0045730003219702,640
2,short,2,calm,44,0.0040122024882555,0.0035713822142463,0.0044733882370028,640
2,short,2,calm,45,0.003921531540045,0.0034860730367499,0.0043780647452437,640
2,short,2,calm,46,0.0038347944044172,0.0034045714497759,0.0042867578729233,640
2,short,2,calm,47,0.0037517420451765,0.0033266318060807,0.0041992182022147,640
2,short,2,calm,48,0.0036721459503808,0.0032520289912465,0.004115216578335,640
2,short,2,calm,49,0.0035957960643408,0.0031805563314707,0.004034542090934,640
2,short,2,calm,50,0.0035224989644384,0.0031120237513479,0.0039570002922224,640
2,short,2,calm,51,0.0034520762496304,0.0030462561475462,0.0038824116200559,640
2,short,2,calm,52,0.0033843631125313,0.0029830919494838,0.0038106099989767,640
2,short,2,calm,53,0.0033192070711508,0.002922381842441,0.0037414415962071,640
2,short,2,calm,54,0.003256466839858,0.0028639876321602,0.0036747637129241,640
2,short,2,calm,55,0.0031960113220755,0.00280778123301,0.0036104437939537,640
2,short,2,calm,56,0.0031377187096745,0.0027536437643364,0.0035483585413769,640
2,short,2,calm,57,0.0030814756761238,0.0027014647417701,0.0034883931195439,640
2,short,2,calm,58,0.0030271766522099,0.0026511413520709,0.0034304404406775,640
2,short,2,calm,59,0.0029747231746436,0.0026025778016347,0.0033744005216909,640
2,short,2,calm,60,0.0029240232991428,0.0025556847300948,0.0033201799040686,640
2,short,2,calm,61,0.0028749910706747,0.0025103786815697,0.0032676911297099,640
2,short,2,calm,62,0.0028275460444701,0.0024665816270668,0.0032168522665341,640
2,short,2,calm,63,0.0027816128522277,0.0024242205323702,0.0031675864784187,640
2,short,2,calm,64,0.002737120808616,0.0023832269664486,0.0031198216347095,640
2,short,2,calm,65,0.0026940035537748,0.0023435367460289,0.003073489955117,640
2,short,2,calm,66,0.0026521987280348,0.0023050896125038,0.0030285276863119,640
2,short,2,calm,67,0.0026116476755213,0.0022678289378017,0.0029848748069657,640
2,short,2,calm,68,0.002572295173696,0.0022317014562399,0.0029424747583575,640
2,short,2,calm,69,0.0025340891862287,0.0021966570197282,0.0029012741979989,640
2,short,2,calm,70,0.0024969806368851,0.0021626483739892,0.0028612227740124,640
2,short,2,calm,71,0.0024609232023796,0.0021296309537237,0.0028222729182513,640
2,short,2,calm,72,0.0024258731223606,0.0020975626948816,0.0027843796563703,640
2,short,2,calm,73,0.0023917890249022,0.0020664038623963,0.0027475004332447,640
2,short,2,calm,74,0.0023586317660454,0.0020361168919208,0.0027115949523134,640
2,short,2,calm,75,0.0023263642820878,0.0020066662442581,0.0026766250275632,640
2,short,2,calm,76,0.0022949514534577,0.0019780182713162,0.0026425544470107,640
2,short,2,calm,77,0.0022643599791252,0.0019501410925391,0.0026093488466517,640
2,short,2,calm,78,0.0022345582606144,0.0019230044808733,0.0025769755939534,640
2,short,2,calm,79,0.0022055162947693,0.0018965797574235,0.0025454036800564,640
2,short,2,calm,80,0.0021772055745141,0.0018708396940372,0.0025146036199369,640
2,short,2,calm,81,0.002149598996922,0.001845758423131,0.0024845473598497,640
2,short,2,calm,82,0.0021226707779718,0.0018213113541404,0.0024552081914411,640
2,short,2,calm,83,0.0020963963734328,0.0017974750960334,0.0024265606719769,640
2,short,2,calm,84,0.00207075240537,0.0017742273853809,0.0023985805501831,640
2,short,2,calm,85,0.0020457165938097,0.0017515470195272,0.0023712446972437,640
2,short,2,calm,86,0.0020212676931483,0.0017294137944424,0.0023445310425427,640
2,short,2,calm,87,0.0019973854329248,0.0017078084468809,0.0023184185137723,640
2,short,2,calm,88,0.0019740504626118,0.0016867126005019,0.0022928869810661,640
2,short,2,calm,89,0.0019512443001107,0.0016661087156398,0.0022679172048451,640
2,short,2,calm,90,0.0019289492836649,0.0016459800424394,0.002243490787091,640
2,short,2,calm,91,0.001907148526929,0.0016263105770972,0.0022195901257871,640
2,short,2,calm,92,0.001885825876956,0.0016070850209713,0.002196198372289,640
2,short,2,calm,93,0.0018649658748826,0.0015882887423426,0.0021732993914076,640
2,short,2,calm,94,0.0018445537191148,0.0015699077406312,0.0021508777240051,640
2,short,2,calm,95,0.0018245752308278,0.0015519286128844,0.0021289185519212,640
2,short,2,turbulent,0,0.243703823097314,0.2184253630560219,0.2699032197253125,640
2,short,2,turbulent,1,0.1121266242121087,0.1047638067651179,0.1191221903800141,640
2,short,2,turbulent,2,0.0712010727430016,0.0681639165743763,0.0738252599398538,640
2,short,2,turbulent,3,0.0515887674531192,0.0502480804168515,0.0525747571865721,640
2,short,2,turbulent,4,0.0401805555692825,0.0396638495096733,0.0404039160664524,640
2,short,2,turbulent,5,0.0327591739246767,0.0325828890754227,0.0326935997012399,640
2,short,2,turbulent,6,0.0275646534892972,0.0271639159585936,0.0277650937249341,640
2,short,2,turbulent,7,0.0237356733606594,0.0232039478489204,0.024100590304428,640
2,short,2,turbulent,8,0.0208022701298775,0.0201930492371812,0.0212718864592974,640
2,short,2,turbulent,9,0.0184868255150501,0.0178323288868668,0.0190240538344733,640
2,short,2,turbulent,10,0.0166150837545514,0.0159354633887016,0.0171959755909251,640
2,short,2,turbulent,11,0.0150722936450799,0.0143805069073408,0.0156808985624913,640
2,short,2,turbulent,12,0.0137798911699235,0.0130844330587672,0.014405326721943,640
2,short,2,turbulent,13,0.0126823268673026,0.011988835003819,0.0133170290900162,640
2,short,2,turbulent,14,0.0117392440692254,0.0110514784122604,0.0123778818135811,640
2,short,2,turbulent,15,0.0109206367528723,0.010241097146007,0.0115594157667981,640
2,short,2,turbulent,16,0.0102037439093988,0.00953407004189,0.0108399482675876,640
2,short,2,turbulent,17,0.009570996039238,0.0089122325329523,0.0102026787153825,640
2,short,2,turbulent,18,0.0090086208542331,0.0083613964603889,0.0096343905915926,640
2,short,2,turbulent,19,0.008505674269103,0.0078703250696388,0.0091245461237612,640
2,short,2,turbulent,20,0.0080533529317813,0.0074300082772945,0.0086646418065503,640
2,short,2,turbulent,21,0.0076444974425181,0.0070331406402435,0.0082477411905837,640
2,short,2,turbulent,22,0.0072732273954623,0.0066737390126872,0.0078681306014275,640
2,short,2,turbulent,23,0.0069346692393971,0.0063468582676441,0.0075210616748885,640
2,short,2,turbulent,24,0.0066247505900287,0.0060483770262775,0.0072025562229351,640
2,short,2,turbulent,25,0.0063400428407592,0.0057748341328691,0.0069092565257587,640
2,short,2,turbulent,26,0.0060776393653272,0.0055233024282939,0.0066383091858213,640
2,short,2,turbulent,27,0.0058350602822399,0.0052912902899526,0.0063872740910316,640
2,short,2,turbulent,28,0.0056101772737992,0.0050766640859775,0.0061540523809257,640
2,short,2,turbulent,29,0.0054011537100862,0.0048775865539719,0.0059368289485085,640
2,short,2,turbulent,30,0.0052063965698267,0.0046924674271648,0.0057340261707324,640
2,short,2,turbulent,31,0.0050245175384766,0.004519923568042,0.005544266392726,640
2,short,2,turbulent,32,0.0048543013072326,0.0043587465467444,0.0053663412947799,640
2,short,2,turbulent,33,0.0046946795677838,0.0042078760964106,0.0051991867142194,640
2,short,2,turbulent,34,0.0045447095461955,0.004066378243076,0.00504186182282,640
2,short,2,turbulent,35,0.0044035561797432,0.003933427180238,0.004893531806335,640
2,short,2,turbulent,36,0.0042704772368535,0.0038082901632531,0.0047534533784573,640
2,short,2,turbulent,37,0.0041448108296135,0.0036903148543796,0.0046209626030398,640
2,short,2,turbulent,38,0.0040259648827445,0.0035789186683737,0.0044954646070535,640
2,short,2,turbulent,39,0.0039134082113331,0.0034735797603758,0.0043764248508262,640
2,short,2,turbulent,40,0.0038066629283669,0.0033738293691394,0.0042633616876115,640
2,short,2,turbulent,41,0.0037052979569744,0.0032792452844161,0.0041558399959147,640
2,short,2,turbulent,42,0.0036089234647141,0.0031894462511946,0.0040534657085732,640
2,short,2,turbulent,43,0.0035171860709193,0.0031040871582382,0.003955881094804,640
2,short,2,turbulent,44,0.0034297647049509,0.0030228548860408,0.0038627606771656,640
2,short,2,turbulent,45,0.0033463670147455,0.0029454647114804,0.0037738076860572,640
2,short,2,turbulent,46,0.0032667262424037,0.0028716571842953,0.0036887509710608,640
2,short,2,turbulent,47,0.0031905984976307,0.0028011954049407,0.0036073423019764,640
2,short,2,turbulent,48,0.0031177603712914,0.0027338626451233,0.0035293540034389,640
2,short,2,turbulent,49,0.0030480068407071,0.0026694602618953,0.0034545768760422,640
2,short,2,turbulent,50,0.0029811494260143,0.0026078058640561,0.0033828183643347,640
2,short,2,turbulent,51,0.0029170145632496,0.0025487316960825,0.0033139009381871,640
2,short,2,turbulent,52,0.0028554421650795,0.0024920832101736,0.0032476606591273,640
2,short,2,turbulent,53,0.0027962843444628,0.0024377178014372,0.0031839459074728,640
2,short,2,turbulent,54,0.002739404280176,0.0023855036849593,0.0031226162496318,640
2,short,2,turbulent,55,0.0026846752061844,0.0023353188965924,0.0030635414279112,640
2,short,2,turbulent,56,0.0026319795094074,0.0022870504019055,0.0030066004576668,640
2,short,2,turbulent,57,0.0025812079225831,0.0022405932999267,0.0029516808187351,640
2,short,2,turbulent,58,0.0025322588007709,0.0021958501101602,0.0028986777298725,640
2,short,2,turbulent,59,0.002485037471574,0.002152730132929,0.0028474934964378,640
2,short,2,turbulent,60,0.0024394556504883,0.0021111488744236,0.0027980369228472,640
2,short,2,turbulent,61,0.0023954309139051,0.0020710275289773,0.0027502227824278,640
2,short,2,turbulent,62,0.0023528862232574,0.0020322925120522,0.0027039713382418,640
2,short,2,turbulent,63,0.0023117494946271,0.0019948750382577,0.0026592079092615,640
2,short,2,turbulent,64,0.0022719532088369,0.0019587107394331,0.0026158624769701,640
2,short,2,turbulent,65,0.0022334340576638,0.0019237393184414,0.0025738693280679,640
2,short,2,turbulent,66,0.0021961326223391,0.0018899042348538,0.0025331667294796,640
2,short,2,turbulent,67,0.0021599930809577,0.0018571524191607,0.0024936966323116,640
2,short,2,turbulent,68,0.0021249629418161,0.0018254340125464,0.0024554044017976,640
2,short,2,turbulent,69,0.002090992800043,0.0017947021296071,0.0024182385706135,640
2,short,2,turbulent,70,0.0020580361151911,0.0017649126416965,0.0023821506132381,640
2,short,2,turbulent,71,0.0020260490077162,0.0017360239788436,0.002347094739297,640
2,short,2,turbulent,72,0.0019949900725054,0.0017079969484184,0.0023130277040548,640
2,short,2,turbulent,73,0.0019648202078136,0.0016807945689238,0.0022799086344197,640
2,short,2,turbulent,74,0.0019355024581478,0.0016543819174651,0.0022476988690021,640
2,short,2,turbulent,75,0.0019070018697933,0.0016287259896084,0.00221636181092,640
2,short,2,turbulent,76,0.0018792853578131,0.0016037955704733,0.0021858627921852,640
2,short,2,turbulent,77,0.0018523215834754,0.001579561116027,0.0021561689486215,640
2,short,2,turbulent,78,0.0018260808411687,0.001555994643654,0.0021272491043734,640
2,short,2,turbulent,79,0.0018005349539613,0.0015330696311691,0.0020990736651605,640
2,short,2,turbulent,80,0.0017756571770464,0.0015107609235273,0.0020716145195152,640
2,short,2,turbulent,81,0.0017514221083874,0.0014890446465563,0.0020448449473158,640
2,short,2,turbulent,82,0.0017278056059478,0.0014678981271055,0.0020187395349961,640
2,short,2,turbulent,83,0.0017047847109467,0.001447299819063,0.0019932740968689,640
2,short,2,turbulent,84,0.0016823375766354,0.0014272292347466,0.0019684256020577,640
2,short,2,turbulent,85,0.0016604434021401,0.0014076668812187,0.0019441721065748,640
2,short,2,turbulent,86,0.001639082370954,0.0013885942011215,0.0019204926901285,640
2,short,2,turbulent,87,0.0016182355937048,0.0013699935176621,0.0018973673972813,640
2,short,2,turbulent,88,0.0015978850548547,0.0013518479834138,0.0018747771826125,640
2,short,2,turbulent,89,0.0015780135630224,0.00133414153263,0.0018527038595727,640
2,short,2,turbulent,90,0.0015586047046438,0.0013168588367931,0.0018311300527423,640
2,short,2,turbulent,91,0.0015396428007136,0.001299985263146,0.0018100391532343,640
2,short,2,turbulent,92,0.001521112866371,0.0012835068359773,0.0017894152770017,640
2,short,2,turbulent,93,0.001503000573116,0.0012674102004485,0.0017692432258324,640
2,short,2,turbulent,94,0.0014852922134568,0.0012516825887727,0.001749508450831,640
2,short,2,turbulent,95,0.001467974667811,0.0012363117885684,0.0017301970182051,640
3,long,1,calm,0,0.1044639294773845,0.0891929696842888,0.1214838795917644,640
3,long,1,calm,1,0.0629817119375829,0.0560583779032355,0.0702594840293833,640
3,long,1,calm,2,0.04684549605478,0.042722768056108,0.051002664051969,640
3,long,1,calm,3,0.037971920627851,0.035233065389183,0.0406341574920349,640
3,long,1,calm,4,0.0322640034104972,0.0303403594106818,0.0340668791001314,640
3,long,1,calm,5,0.0282433329174552,0.0268515454215608,0.0294970894283017,640
3,long,1,calm,6,0.0252374103289137,0.0242166986342881,0.0261150704081985,640
3,long,1,calm,7,0.0228934195627575,0.0221442172098025,0.0235005249169916,640
3,long,1,calm,8,0.0210072559169191,0.020463887645368,0.0214124849250727,640
3,long,1,calm,9,0.0194520939325094,0.0190691187835131,0.019702378258826,640
3,long,1,calm,10,0.018144696065559,0.0178894720915248,0.0182733608896091,640
3,long,1,calm,11,0.0170280159559718,0.0168763758607411,0.0170594674006571,640
3,long,1,calm,12,0.0160615594999198,0.0159951596049942,0.0160141320147704,640
3,long,1,calm,13,0.0152157334626239,0.0151034966815089,0.0152203570350323,640
3,long,1,calm,14,0.0144683744143959,0.0143023222165917,0.0145328061441353,640
3,long,1,calm,15,0.0138025322556909,0.013591389743528,0.0139177886005191,640
3,long,1,calm,16,0.0132050072950222,0.0129557931281142,0.0133637962843336,640
3,long,1,calm,17,0.012665356811462,0.0123837841504408,0.0128616902324698,640
3,long,1,calm,18,0.0121752035140549,0.0118659716918283,0.01240411292655,640
3,long,1,calm,19,0.0117277435643979,0.0113947540634082,0.0119850686756107,640
3,long,1,calm,20,0.0113173897622905,0.0109639086864753,0.0115996182490558,640
3,long,1,calm,21,0.0109395082734604,0.0105682903106239,0.0112436528410908,640
3,long,1,calm,22,0.0105902213556829,0.0102036055705482,0.0109137241831829,640
3,long,1,calm,23,0.0102662574648769,0.0098662421830287,0.0106069150852045,640
3,long,1,calm,24,0.0099648359130309,0.0095531378774114,0.0103207395429003,640
3,long,1,calm,25,0.0096835770849621,0.0092616786384921,0.0100530647755445,640
3,long,1,calm,26,0.0094204318093437,0.0089896188598949,0.0098020497410718,640
3,long,1,calm,27,0.009173625256644,0.008735018073577,0.0095660961790165,640
3,long,1,calm,28,0.0089416119761593,0.0084961903595331,0.0093438092825389,640
3,long,1,calm,29,0.0087230395614197,0.0082716635551688,0.0091339658462555,640
3,long,1,calm,30,0.0085167190621971,0.0080601461102572,0.0089354882723566,640
3,long,1,calm,31,0.0083216007179331,0.0078604999595951,0.00874742320731,640
3,long,1,calm,32,0.0081367539226862,0.0076717181710445,0.0085689238683019,640
3,long,1,calm,33,0.0079613505805256,0.0074929064122055,0.0083992353318962,640
3,long,1,calm,34,0.0077946511968082,0.0073232674925853,0.0082376822176142,640
3,long,1,calm,35,0.0076359931918787,0.0071620883994242,0.0080836583205856,640
3,long,1,calm,36,0.0074847810314144,0.0070087293682068,0.0079366178402771,640
3,long,1,calm,37,0.0073404778504877,0.0068626146232462,0.0077960679238762,640
3,long,1,calm,38,0.0072025983126548,0.0067232244967634,0.0076615622985022,640
3,long,1,calm,39,0.0070707024955504,0.0065900886918255,0.0075326958099026,640
3,long,1,calm,40,0.0069443906339142,0.0064627804992028,0.0074090997195498,640
3,long,1,calm,41,0.0068232985821986,0.0063409118135312,0.0072904376392053,640
3,long,1,calm,42,0.0067070938837676,0.0062241288222431,0.0071764020036766,640
3,long,1,calm,43,0.0065954723536132,0.0061121082631897,0.0070667109998657,640
3,long,1,calm,44,0.0064881550975487,0.0060045541649403,0.006961105884219,640
3,long,1,calm,45,0.0063848859038301,0.0059011949983416,0.0068593486320516,640
3,long,1,calm,46,0.0062854289537157,0.0058017811797865,0.0067612198714779,640
3,long,1,calm,47,0.0061895668061186,0.0057060828763286,0.0066665170622596,640
3,long,1,calm,48,0.0060970986185987,0.0056138880707214,0.0065750528861159,640
3,long,1,calm,49,0.0060078385727933,0.0055250008510099,0.006486653820191,640
3,long,1,calm,50,0.0059216144772366,0.0054392398947128,0.0064011588696461,640
3,long,1,calm,51,0.005838266524547,0.0053564371221359,0.0063184184388968,640
3,long,1,calm,52,0.0057576461833308,0.005276436497102,0.0062382933239926,640
3,long,1,calm,53,0.0056796152079668,0.0051990929565263,0.0061606538111277,640
3,long,1,calm,54,0.0056040447518142,0.005124271452898,0.0060853788683732,640
3,long,1,calm,55,0.0055308145713815,0.0050518460959528,0.0060123554194929,640
3,long,1,calm,56,0.0054598123106912,0.0049816993816973,0.0059414776902098,640
3,long,1,calm,57,0.0053909328565131,0.0049137214985409,0.0058726466185663,640
3,long,1,calm,58,0.0053240777563626,0.0048478097016444,0.0058057693221121,640
3,long,1,calm,59,0.005259154692208,0.0047838677477519,0.0057407586155844,640
3,long,1,calm,60,0.0051960770037268,0.004721805383762,0.0056775325735439,640
3,long,1,calm,61,0.0051347632557202,0.0046615378831423,0.0056160141331176,640
3,long,1,calm,62,0.0050751368449582,0.0046029856250217,0.0055561307325895,640
3,long,1,calm,63,0.0050171256423004,0.0045460737114258,0.0054978139820956,640
3,long,1,calm,64,0.0049606616664319,0.0044907316186641,0.0054409993631171,640
3,long,1,calm,65,0.0049056807859842,0.0044368928793493,0.0053856259538574,640
3,long,1,calm,66,0.0048521224471833,0.0043844947919398,0.0053316361779166,640
3,long,1,calm,67,0.0047999294244941,0.0043334781550531,0.0052789755739749,640
3,long,1,calm,68,0.0047490475920139,0.0042837870241077,0.0052275925844477,640
3,long,1,calm,69,0.0046994257136152,0.0042353684881255,0.0051774383613008,640
3,long,1,calm,70,0.0046510152500577,0.004188172464763,0.0051284665874098,640
3,long,1,calm,71,0.0046037701814803,0.0041421515118495,0.0050806333120204,640
3,long,1,calm,72,0.004557646843853,0.0040972606538961,0.0050338967990177,640
3,long,1,calm,73,0.0045126037781154,0.0040534572221974,0.0049882173868484,640
3,long,1,calm,74,0.0044686015908628,0.004010700707296,0.004943557359056,640
3,long,1,calm,75,0.0044256028255544,0.0039689526227022,0.0048998808244965,640
3,long,1,calm,76,0.0043835718433229,0.0039281763788758,0.0048571536063932,640
3,long,1,calm,77,0.0043424747125557,0.0038883371665744,0.0048153431394747,640
3,long,1,calm,78,0.004302279106498,0.0038494018487639,0.0047744183745103,640
3,long,1,calm,79,0.0042629542082036,0.0038113388603612,0.004734349689626,640
3,long,1,calm,80,0.0042244706222206,0.003774118115154,0.0046951088078415,640
3,long,1,calm,81,0.0041868002924581,0.0037377109193007,0.00465666872032,640
3,long,1,calm,82,0.0041499164257336,0.0037020898908725,0.004619003614873,640
3,long,1,calm,83,0.0041137934205431,0.0036672288849485,0.0045820888092992,640
3,long,1,calm,84,0.0040784068006409,0.0036331029238195,0.0045459006891799,640
3,long,1,calm,85,0.0040437331530519,0.0035996881318964,0.0045104166497833,640
3,long,1,calm,86,0.0040097500701735,0.0035669616749564,0.0044756150417619,640
3,long,1,calm,87,0.0039764360956524,0.0035349017033907,0.0044414751203559,640
3,long,1,calm,88,0.0039437706737519,0.0035034872991493,0.0044079769978384,640
3,long,1,calm,89,0.003911734101948,0.0034726984261028,0.0043751015989629,640
3,long,1,calm,90,0.0038803074865137,0.0034425158835663,0.0043428306191907,640
3,long,1,calm,91,0.0038494727008753,0.0034129212627513,0.0043111464854984,640
3,long,1,calm,92,0.0038192123465372,0.0033838969059324,0.0042800323195787,640
3,long,1,calm,93,0.0037895097163922,0.0033554258681316,0.0042494719032652,640
3,long,1,calm,94,0.0037603487602484,0.0033274918811409,0.0042194496460241,640
3,long,1,calm,95,0.0037317140524164,0.0033000793197168,0.0041899505543692,640
3,long,1,turbulent,0,0.1275458089919286,0.1099423870072367,0.1468776916284561,640
3,long,1,turbulent,1,0.0727498155045383,0.0653721344346943,0.0803636664023683,640
3,long,1,turbulent,2,0.0523839178238146,0.0482307728207299,0.0564755340988081,640
3,long,1,turbulent,3,0.0414951749318497,0.0388705036963264,0.0439707269771655,640
3,long,1,turbulent,4,0.0346338274774021,0.0328804428831646,0.0362119518844458,640
3,long,1,turbulent,5,0.0298788363742204,0.0286781891002459,0.0309004106198309,640
3,long,1,turbulent,6,0.026371618249497,0.025547101406154,0.027022190019253,640
3,long,1,turbulent,7,0.0236680949729335,0.0231125397797054,0.0240584447854839,640
3,long,1,turbulent,8,0.0215144258228494,0.0211584222446593,0.0217152510798836,640
3,long,1,turbulent,9,0.0197545068639336,0.0195508283105499,0.019813255428753,640
3,long,1,turbulent,10,0.0182868169557755,0.0182020644597945,0.0182366138527961,640
3,long,1,turbulent,11,0.0170423462040401,0.0169070623538257,0.017052153261703,640
3,long,1,turbulent,12,0.0159724698638125,0.0157697613819139,0.0160585987858311,640
3,long,1,turbulent,13,0.0150418926138798,0.0147851061661696,0.0151903973799472,640
3,long,1,turbulent,14,0.0142243448596199,0.0139237572483621,0.0144243654709672,640
3,long,1,turbulent,15,0.0134998519844252,0.0131635022954421,0.0137427983759045,640
3,long,1,turbulent,16,0.0128529425532377,0.0124872060153417,0.0131319273332804,640
3,long,1,turbulent,17,0.0122714381732246,0.011881431239006,0.0125808731377903,640
3,long,1,turbulent,18,0.0117456153959388,0.0113354875841195,0.0120809186853967,640
3,long,1,turbulent,19,0.0112676123276245,0.0108407603085772,0.0116249920655513,640
3,long,1,turbulent,20,0.0108310002044056,0.0103902273853623,0.0112072920889671,640
3,long,1,turbulent,21,0.0104304686309381,0.0099781058357195,0.0108230122816628,640
3,long,1,turbulent,22,0.0100615906792241,0.0095995885948571,0.0104681342790338,640
3,long,1,turbulent,23,0.0097206450914185,0.009250645920307,0.010139270992467,640
3,long,1,turbulent,24,0.0094044799685293,0.0089278735575346,0.0098335460382708,640
3,long,1,turbulent,25,0.0091104070367196,0.0086283752753066,0.0095484999665422,640
3,long,1,turbulent,26,0.0088361187501034,0.0083496710033298,0.0092820165570907,640
3,long,1,turbulent,27,0.0085796226559516,0.0080896242750554,0.0090322643219759,640
3,long,1,turbulent,28,0.0083391889546074,0.0078463843915141,0.008797649659082,640
3,long,1,turbulent,29,0.0081133082489269,0.0076183399273831,0.0085767790237369,640
3,long,1,turbulent,30,0.0079006572376274,0.0074040810601624,0.0083684281464431,640
3,long,1,turbulent,31,0.0077000706567133,0.0072023688242168,0.0081715168043367,640
3,long,1,turbulent,32,0.0075105181757176,0.007012109845079,0.0079850880058738,640
3,long,1,turbulent,33,0.0073310852534374,0.0068323354444668,0.0078082907092178,640
3,long,1,turbulent,34,0.0071609571805749,0.0066621842564413,0.0076403653902854,640
3,long,1,turbulent,35,0.0069994057047686,0.0065008876834034,0.0074806319242034,640
3,long,1,turbulent,36,0.006845777761444,0.0063477576636751,0.0073284793566491,640
3,long,1,turbulent,37,0.0066994859321162,0.0062021763320106,0.0071833572282215,640
3,long,1,turbulent,38,0.0065600003277431,0.0060635872390154,0.0070447681821542,640
3,long,1,turbulent,39,0.0064268416539129,0.0059314878612767,0.0069122616381019,640
3,long,1,turbulent,40,0.0062995752610977,0.0058054231855795,0.0067854283559339,640
3,long,1,turbulent,41,0.0061778060198747,0.0056849801912344,0.0066638957460567,640
3,long,1,turbulent,42,0.0060611738901655,0.0055697830868059,0.0065473238087237,640
3,long,1,turbulent,43,0.0059493500768389,0.0054594891832704,0.0064354016055576,640
3,long,1,turbulent,44,0.0058420336827459,0.005353785306298,0.006327844183223,640
3,long,1,turbulent,45,0.0057389487853894,0.0052523846670233,0.0062243898827154,640
3,long,1,turbulent,46,0.0056398418757178,0.0051550241241924,0.0061247979787334,640
3,long,1,turbulent,47,0.0055444796075623,0.0050614617815926,0.0060288466025912,640
3,long,1,turbulent,48,0.0054526468144571,0.004971474873691,0.0059363309095095,640
3,long,1,turbulent,49,0.0053641447573548,0.0048848578998312,0.0058470614572092,640
3,long,1,turbulent,50,0.0052787895723459,0.0048014209734601,0.0057608627677702,640
3,long,1,turbulent,51,0.005196410892141,0.0047209883579409,0.0056775720489076,640
3,long,1,turbulent,52,0.0051168506189472,0.0046433971647352,0.0055970380543122,640
3,long,1,turbulent,53,0.0050399618296113,0.0045684961932716,0.0055191200656326,640
3,long,1,turbulent,54,0.0049656077966249,0.0044961448947821,0.0054436869811327,640
3,long,1,turbulent,55,0.0048936611108761,0.0044262124448795,0.0053706164981395,640
3,long,1,turbulent,56,0.0048240028939714,0.0043585769117543,0.0052997943781476,640
3,long,1,turbulent,57,0.0047565220895934,0.0042931245086522,0.0052311137849408,640
3,long,1,turbulent,58,0.0046911148247568,0.0042297489208079,0.0051644746873581,640
3,long,1,turbulent,59,0.0046276838330159,0.0041683506982992,0.005099783319417,640
3,long,1,turbulent,60,0.0045661379326965,0.0041088367073912,0.0050369516914323,640
3,long,1,turbulent,61,0.0045063915540993,0.0040511196338798,0.0049758971465695,640
3,long,1,turbulent,62,0.0044483643103726,0.0039951175327616,0.0049165419579525,640
3,long,1,turbulent,63,0.0043919806074008,0.0039407534192485,0.0048588129620408,640
3,long,1,turbulent,64,0.0043371692886145,0.0038879548967558,0.0048026412245026,640
3,long,1,turbulent,65,0.0042838633111144,0.0038366538180092,0.004747961735254,640
3,long,1,turbulent,66,0.0042319994499211,0.0037867859758724,0.0046947131297193,640
3,long,1,turbulent,67,0.0041815180275297,0.0037382908208902,0.0046428374337057,640
3,long,1,turbulent,68,0.0041323626662691,0.0036911112028829,0.0045922798295778,640
3,long,1,turbulent,69,0.0040844800612436,0.003645193134231,0.004542988441674,640
3,long,1,turbulent,70,0.0040378197718806,0.0036004855727489,0.004494914139132,640
3,long,1,turbulent,71,0.0039923340303212,0.0035569402222759,0.0044480103544896,640
3,long,1,turbulent,72,0.0039479775650816,0.0035145113493178,0.0044022329165976,640
3,long,1,turbulent,73,0.0039047074385771,0.0034731556142446,0.0043575398965388,640
3,long,1,turbulent,74,0.0038624828972492,0.0034328319157128,0.00431389146538,640
3,long,1,turbulent,75,0.0038212652331645,0.0033935012471138,0.0042712497627036,640
3,long,1,turbulent,76,0.0037810176560694,0.0033551265639752,0.0042295787749734,640
3,long,1,turbulent,77,0.0037417051749871,0.0033176726613497,0.0041888442228813,640
3,long,1,turbulent,78,0.0037032944885335,0.003281106060322,0.0041490134569069,640
3,long,1,turbulent,79,0.0036657538832078,0.0032453949028498,0.0041100553603955,640
3,long,1,turbulent,80,0.0036290531389877,0.0032105088542324,0.0040719402595272,640
3,long,1,turbulent,81,0.0035931634416213,0.0031764190125663,0.0040346398396089,640
3,long,1,turbulent,82,0.0035580573010657,0.0031430978246095,0.003998127067174,640
3,long,1,turbulent,83,0.0035237084755733,0.0031105190075299,0.0039623761174235,640
3,long,1,turbulent,84,0.0034900919009731,0.0030786574760622,0.0039273623065812,640
3,long,1,turbulent,85,0.0034571836247349,0.0030474892746401,0.0038930620287804,640
3,long,1,turbulent,86,0.0034249607444417,0.0030169915141113,0.003859452697126,640
3,long,1,turbulent,87,0.0033934013503284,0.002987142312677,0.0038265126886145,640
3,long,1,turbulent,88,0.0033624844715766,0.0029579207407298,0.003794221292617,640
3,long,1,turbulent,89,0.0033321900260789,0.0029293067692921,0.0037625586626587,640
3,long,1,turbulent,90,0.0033024987734149,0.0029012812217821,0.0037315057712487,640
3,long,1,turbulent,91,0.0032733922707997,0.002873825728861,0.0037010443675381,640
3,long,1,turbulent,92,0.0032448528317868,0.0028469226861305,0.0036711569375979,640
3,long,1,turbulent,93,0.0032168634875271,0.0028205552144754,0.003641826667132,640
3,long,1,turbulent,94,0.0031894079503984,0.0027947071228571,0.0036130374064481,640
3,long,1,turbulent,95,0.0031624705798397,0.0027693628733844,0.0035847736375307,640
3,long,2,calm,0,0.1275458089919286,0.1099423870072367,0.146877691628456,640
3,long,2,calm,1,0.0727498155045383,0.0653721344346943,0.0803636664023683,640
3,long,2,calm,2,0.0523839178238146,0.0482307728207299,0.0564755340988081,640
3,long,2,calm,3,0.0414951749318497,0.0388705036963264,0.0439707269771654,640
3,long,2,calm,4,0.0346338274774021,0.0328804428831646,0.0362119518844458,640
3,long,2,calm,5,0.0298788363742204,0.0286781891002459,0.0309004106198309,640
3,long,2,calm,6,0.026371618249497,0.025547101406154,0.0270221900192529,640
3,long,2,calm,7,0.0236680949729335,0.0231125397797054,0.0240584447854839,640
3,long,2,calm,8,0.0215144258228494,0.0211584222446593,0.0217152510798836,640
3,long,2,calm,9,0.0197545068639336,0.0195508283105499,0.019813255428753,640
3,long,2,calm,10,0.0182868169557755,0.0182020644597945,0.0182366138527961,640
3,long,2,calm,11,0.0170423462040401,0.0169070623538257,0.017052153261703,640
3,long,2,calm,12,0.0159724698638125,0.0157697613819139,0.0160585987858311,640
3,long,2,calm,13,0.0150418926138798,0.0147851061661696,0.0151903973799472,640
3,long,2,calm,14,0.0142243448596199,0.0139237572483621,0.0144243654709672,640
3,long,2,calm,15,0.0134998519844252,0.0131635022954421,0.0137427983759045,640
3,long,2,calm,16,0.0128529425532377,0.0124872060153417,0.0131319273332804,640
3,long,2,calm,17,0.0122714381732246,0.011881431239006,0.0125808731377903,640
3,long,2,calm,18,0.0117456153959388,0.0113354875841195,0.0120809186853967,640
3,long,2,calm,19,0.0112676123276245,0.0108407603085772,0.0116249920655513,640
3,long,2,calm,20,0.0108310002044056,0.0103902273853623,0.0112072920889671,640
3,long,2,calm,21,0.0104304686309381,0.0099781058357195,0.0108230122816628,640
3,long,2,calm,22,0.0100615906792241,0.0095995885948571,0.0104681342790338,640
3,long,2,calm,23,0.0097206450914185,0.009250645920307,0.010139270992467,640
3,long,2,calm,24,0.0094044799685293,0.0089278735575346,0.0098335460382708,640
3,long,2,calm,25,0.0091104070367196,0.0086283752753066,0.0095484999665422,640
3,long,2,calm,26,0.0088361187501034,0.0083496710033298,0.0092820165570907,640
3,long,2,calm,27,0.0085796226559516,0.0080896242750554,0.0090322643219759,640
3,long,2,calm,28,0.0083391889546074,0.0078463843915141,0.008797649659082,640
3,long,2,calm,29,0.0081133082489269,0.0076183399273831,0.0085767790237369,640
3,long,2,calm,30,0.0079006572376274,0.0074040810601624,0.0083684281464431,640
3,long,2,calm,31,0.0077000706567133,0.0072023688242168,0.0081715168043367,640
3,long,2,calm,32,0.0075105181757176,0.007012109845079,0.0079850880058738,640
3,long,2,calm,33,0.0073310852534374,0.0068323354444668,0.0078082907092178,640
3,long,2,calm,34,0.0071609571805749,0.0066621842564413,0.0076403653902854,640
3,long,2,calm,35,0.0069994057047686,0.0065008876834034,0.0074806319242034,640
3,long,2,calm,36,0.006845777761444,0.0063477576636751,0.0073284793566491,640
3,long,2,calm,37,0.0066994859321162,0.0062021763320106,0.0071833572282215,640
3,long,2,calm,38,0.0065600003277431,0.0060635872390154,0.0070447681821542,640
3,long,2,calm,39,0.0064268416539129,0.0059314878612767,0.0069122616381019,640
3,long,2,calm,40,0.0062995752610977,0.0058054231855795,0.0067854283559339,640
3,long,2,calm,41,0.0061778060198747,0.0056849801912344,0.0066638957460567,640
3,long,2,calm,42,0.0060611738901655,0.0055697830868059,0.0065473238087237,640
3,long,2,calm,43,0.0059493500768389,0.0054594891832704,0.0064354016055576,640
3,long,2,calm,44,0.0058420336827459,0.005353785306298,0.006327844183223,640
3,long,2,calm,45,0.0057389487853894,0.0052523846670233,0.0062243898827154,640
3,long,2,calm,46,0.0056398418757178,0.0051550241241924,0.0061247979787334,640
3,long,2,calm,47,0.0055444796075623,0.0050614617815926,0.0060288466025912,640
3,long,2,calm,48,0.0054526468144571,0.004971474873691,0.0059363309095095,640
3,long,2,calm,49,0.0053641447573548,0.0048848578998312,0.0058470614572092,640
3,long,2,calm,50,0.0052787895723459,0.0048014209734601,0.0057608627677702,640
3,long,2,calm,51,0.005196410892141,0.0047209883579409,0.0056775720489076,640
3,long,2,calm,52,0.0051168506189472,0.0046433971647352,0.0055970380543122,640
3,long,2,calm,53,0.0050399618296113,0.0045684961932716,0.0055191200656326,640
3,long,2,calm,54,0.0049656077966249,0.0044961448947821,0.0054436869811327,640
3,long,2,calm,55,0.0048936611108761,0.0044262124448795,0.0053706164981395,640
3,long,2,calm,56,0.0048240028939714,0.0043585769117543,0.0052997943781476,640
3,long,2,calm,57,0.0047565220895934,0.0042931245086522,0.0052311137849408,640
3,long,2,calm,58,0.0046911148247568,0.0042297489208079,0.0051644746873581,640
3,long,2,calm,59,0.0046276838330159,0.0041683506982992,0.005099783319417,640
3,long,2,calm,60,0.0045661379326965,0.0041088367073912,0.0050369516914323,640
3,long,2,calm,61,0.0045063915540993,0.0040511196338798,0.0049758971465695,640
3,long,2,calm,62,0.0044483643103726,0.0039951175327616,0.0049165419579525,640
3,long,2,calm,63,0.0043919806074008,0.0039407534192486,0.0048588129620408,640
3,long,2,calm,64,0.0043371692886145,0.0038879548967558,0.0048026412245026,640
3,long,2,calm,65,0.0042838633111144,0.0038366538180092,0.004747961735254,640
3,long,2,calm,66,0.0042319994499211,0.0037867859758724,0.0046947131297193,640
3,long,2,calm,67,0.0041815180275297,0.0037382908208902,0.0046428374337057,640
3,long,2,calm,68,0.0041323626662691,0.0036911112028829,0.0045922798295778,640
3,long,2,calm,69,0.0040844800612436,0.003645193134231,0.004542988441674,640
3,long,2,calm,70,0.0040378197718806,0.0036004855727489,0.004494914139132,640
3,long,2,calm,71,0.0039923340303212,0.0035569402222759,0.0044480103544896,640
3,long,2,calm,72,0.0039479775650816,0.0035145113493178,0.0044022329165976,640
3,long,2,calm,73,0.0039047074385771,0.0034731556142446,0.0043575398965388,640
3,long,2,calm,74,0.0038624828972493,0.0034328319157128,0.00431389146538,640
3,long,2,calm,75,0.0038212652331645,0.0033935012471138,0.0042712497627036,640
3,long,2,calm,76,0.0037810176560694,0.0033551265639752,0.0042295787749734,640
3,long,2,calm,77,0.0037417051749871,0.0033176726613497,0.0041888442228813,640
3,long,2,calm,78,0.0037032944885335,0.003281106060322,0.0041490134569069,640
3,long,2,calm,79,0.0036657538832078,0.0032453949028498,0.0041100553603955,640
3,long,2,calm,80,0.0036290531389877,0.0032105088542324,0.0040719402595272,640
3,long,2,calm,81,0.0035931634416213,0.0031764190125663,0.0040346398396089,640
3,long,2,calm,82,0.0035580573010657,0.0031430978246095,0.003998127067174,640
3,long,2,calm,83,0.0035237084755733,0.0031105190075299,0.0039623761174235,640
3,long,2,calm,84,0.0034900919009731,0.0030786574760622,0.0039273623065812,640
3,long,2,calm,85,0.0034571836247349,0.0030474892746401,0.0038930620287804,640
3,long,2,calm,86,0.0034249607444417,0.0030169915141113,0.003859452697126,640
3,long,2,calm,87,0.0033934013503284,0.002987142312677,0.0038265126886145,640
3,long,2,calm,88,0.0033624844715766,0.0029579207407298,0.003794221292617,640
3,long,2,calm,89,0.0033321900260789,0.0029293067692921,0.0037625586626587,640
3,long,2,calm,90,0.0033024987734149,0.0029012812217821,0.0037315057712487,640
3,long,2,calm,91,0.0032733922707997,0.002873825728861,0.0037010443675381,640
3,long,2,calm,92,0.0032448528317868,0.0028469226861305,0.0036711569375979,640
3,long,2,calm,93,0.0032168634875271,0.0028205552144754,0.003641826667132,640
3,long,2,calm,94,0.0031894079503984,0.0027947071228571,0.0036130374064481,640
3,long,2,calm,95,0.0031624705798397,0.0027693628733844,0.0035847736375307,640
3,long,2,turbulent,0,0.1536951006429292,0.1338001771949047,0.175215293933624,640
3,long,2,turbulent,1,0.0829360462131195,0.0752665123029968,0.0906971239650189,640
3,long,2,turbulent,2,0.0578125475072087,0.0537583644419548,0.0617030766662573,640
3,long,2,turbulent,3,0.0447534614486173,0.0423396141397106,0.0469477755671386,640
3,long,2,turbulent,4,0.0366924507353496,0.0351812758395607,0.0379796105792899,640
3,long,2,turbulent,5,0.0311964668470166,0.0302406520192072,0.0319395154828357,640
3,long,2,turbulent,6,0.0271971106423138,0.0266088016007819,0.0275885498801844,640
3,long,2,turbulent,7,0.02414959963833,0.0238172710631658,0.0243016926485179,640
3,long,2,turbulent,8,0.0217462406758054,0.0215990875951103,0.0217290944449422,640
3,long,2,turbulent,9,0.0197997644500684,0.0196594793269469,0.0197904964427376,640
3,long,2,turbulent,10,0.0181894904800004,0.0179576275832614,0.018285243996593,640
3,long,2,turbulent,11,0.0168340539502373,0.0165329300319342,0.0170112510683654,640
3,long,2,turbulent,12,0.0156765481280566,0.0153223658194302,0.0159178242812631,640
3,long,2,turbulent,13,0.01467594487826,0.0142807289953015,0.0149682290041804,640
3,long,2,turbulent,14,0.0138018976689541,0.0133747389894873,0.014135166991304,640
3,long,2,turbulent,15,0.0130314649149814,0.0125793449944922,0.013397911445874,640
3,long,2,turbulent,16,0.0123469725790423,0.0118753258789333,0.0127404299352337,640
3,long,2,turbulent,17,0.0117345784875751,0.0112476846528426,0.0121501183802078,640
3,long,2,turbulent,18,0.0111832830948433,0.010684546429826,0.0116169253816976,640
3,long,2,turbulent,19,0.0106842324353252,0.0101763846840864,0.0111327329695528,640
3,long,2,turbulent,20,0.0102302171278738,0.009715467012901,0.0106909100107901,640
3,long,2,turbulent,21,0.0098153058668224,0.0092954509761784,0.010285984451486,640
3,long,2,turbulent,22,0.0094345730092613,0.0089110846109775,0.0099133989641275,640
3,long,2,turbulent,23,0.0090838931789675,0.0085579812751926,0.009569326174818,640
3,long,2,turbulent,24,0.0087597843739594,0.0082324481349268,0.0092505271341777,640
3,long,2,turbulent,25,0.0084592866953596,0.0079313539415611,0.0089542416327103,640
3,long,2,turbulent,26,0.0081798675879329,0.0076520259751556,0.008678102278297,640
3,long,2,turbulent,27,0.0079193470550004,0.0073921689078601,0.0084200665209591,640
3,long,2,turbulent,28,0.0076758380926057,0.0071498003293212,0.0081783623849297,640
3,long,2,turbulent,29,0.0074476988408399,0.0069231990706749,0.0079514447780298,640
3,long,2,turbulent,30,0.0072334938432376,0.0067108634553369,0.0077379600412174,640
3,long,2,turbulent,31,0.0070319624496323,0.0065114773188487,0.0075367169746449,640
3,long,2,turbulent,32,0.0068419928684,0.0063238821602743,0.0073466629961708,640
3,long,2,turbulent,33,0.0066626007213242,0.0061470541708227,0.007166864398609,640
3,long,2,turbulent,34,0.0064929112132558,0.0059800851704969,0.0069964899038482,640
3,long,2,turbulent,35,0.0063321442236342,0.0058221666977584,0.0068347968868131,640
3,long,2,turbulent,36,0.0061796017749304,0.0056725766595349,0.0066811197752479,640
3,long,2,turbulent,37,0.0060346574463887,0.0055306680729767,0.0065348602333378,640
3,long,2,turbulent,38,0.0058967473888961,0.0053958595259549,0.0063954788160603,640
3,long,2,turbulent,39,0.0057653626647897,0.0052676270574756,0.0062624878425851,640
3,long,2,turbulent,40,0.0056400426896398,0.0051454972171649,0.00613544528521,640
3,long,2,turbulent,41,0.0055203695949863,0.0050290411085972,0.006013949508342,640
3,long,2,turbulent,42,0.005405963364266,0.004917869257353,0.0058976347222273,640
3,long,2,turbulent,43,0.0052964776207011,0.0048116271734623,0.0057861670402607,640
3,long,2,turbulent,44,0.0051915959671988,0.0047099915009254,0.0056792410480854,640
3,long,2,turbulent,45,0.0050910287954786,0.0046126666655638,0.0055765768083484,640
3,long,2,turbulent,46,0.0049945104955593,0.0045193819474707,0.0054779172376846,640
3,long,2,turbulent,47,0.0049017970080658,0.0044298889165491,0.0053830258028668,640
3,long,2,turbulent,48,0.0048126636710998,0.0043439591796122,0.0052916844915564,640
3,long,2,turbulent,49,0.0047269033210336,0.0042613823957165,0.0052036920200753,640
3,long,2,turbulent,50,0.0046443246128869,0.0041819645231551,0.0051188622464064,640
3,long,2,turbulent,51,0.0045647505311591,0.0041055262671346,0.0050370227614172,640
3,long,2,turbulent,52,0.0044880170663321,0.0040319017018062,0.0049580136353052,640
3,long,2,turbulent,53,0.0044139720358823,0.0039609370442008,0.0048816862995976,640
3,long,2,turbulent,54,0.004342474031681,0.003892489560863,0.0048079025478473,640
3,long,2,turbulent,55,0.0042733914782173,0.0038264265907092,0.0047365336405246,640
3,long,2,turbulent,56,0.0042066017882329,0.0037626246699303,0.0046674595016013,640
3,long,2,turbulent,57,0.0041419906041882,0.0037009687467078,0.0046005679960125,640
3,long,2,turbulent,58,0.0040794511155237,0.0036413514751576,0.0045357542786204,640
3,long,2,turbulent,59,0.0040188834430078,0.0035836725793205,0.0044729202065285,640
3,long,2,turbulent,60,0.0039601940825842,0.003527838279216,0.0044119738076431,640
3,long,2,turbulent,61,0.0039032954021015,0.0034737607719996,0.0043528287992773,640
3,long,2,turbulent,62,0.0038481051851373,0.0034213577621404,0.0042954041513637,640
3,long,2,turbulent,63,0.003794546216841,0.0033705520352963,0.0042396236895112,640
3,long,2,turbulent,64,0.0037425459073377,0.0033212710712104,0.0041854157337102,640
3,long,2,turbulent,65,0.0036920359487696,0.0032734466915191,0.0041327127689956,640
3,long,2,turbulent,66,0.0036429520025119,0.0032270147388489,0.0040814511448031,640
3,long,2,turbulent,67,0.0035952334135039,0.0031819147840028,0.0040315708001346,640
3,long,2,turbulent,68,0.0035488229489847,0.0031380898584055,0.0039830150119738,640
3,long,2,turbulent,69,0.0035036665592309,0.0030954862092997,0.003935730164682,640
3,long,2,turbulent,70,0.0034597131581576,0.0030540530754641,0.0038896655383513,640
3,long,2,turbulent,71,0.0034169144218822,0.0030137424814733,0.0038447731143168,640
3,long,2,turbulent,72,0.0033752246035532,0.0029745090487321,0.0038010073962196,640
3,long,2,turbulent,73,0.0033346003629288,0.0029363098217089,0.0037583252451824,640
3,long,2,turbulent,74,0.0032950006093491,0.0028991041079599,0.0037166857278142,640
3,long,2,turbulent,75,0.0032563863568872,0.0028628533306811,0.0036760499758861,640
3,long,2,turbulent,76,0.0032187205905879,0.0028275208926582,0.0036363810566445,640
3,long,2,turbulent,77,0.0031819681428152,0.0027930720505982,0.0035976438528281,640
3,long,2,turbulent,78,0.0031460955788241,0.0027594737989284,0.003559804951549,640
3,long,2,turbulent,79,0.0031110710907647,0.0027266947622411,0.0035228325412804,640
3,long,2,turbulent,80,0.0030768643993975,0.0026947050956412,0.0034866963162662,640
3,long,2,turbulent,81,0.0030434466628748,0.0026634763923271,0.0034513673877347,640
3,long,2,turbulent,82,0.0030107903919986,0.0026329815977985,0.0034168182013543,640
3,long,2,turbulent,83,0.0029788693714248,0.0026031949301435,0.0033830224604251,640
3,long,2,turbulent,84,0.0029476585863315,0.0025740918059065,0.0033499550543429,640
3,long,2,turbulent,85,0.0029171341541121,0.0025456487710877,0.0033175919919186,640
3,long,2,turbulent,86,0.0028872732606966,0.0025178434368615,0.0032859103391693,640
3,long,2,turbulent,87,0.0028580541011372,0.0024906544196437,0.003254888161236,640
3,long,2,turbulent,88,0.0028294558241286,0.0024640612851662,0.0032245044681086,640
3,long,2,turbulent,89,0.0028014584801617,0.0024380444962495,0.0031947391638707,640
3,long,2,turbulent,90,0.0027740429730342,0.0024125853639918,0.003165572999199,640
3,long,2,turbulent,91,0.0027471910144688,0.0023876660021153,0.0031369875268756,640
3,long,2,turbulent,92,0.002720885081606,0.0023632692842344,0.0031089650600917,640
3,long,2,turbulent,93,0.0026951083771626,0.0023393788038292,0.00308148863334,640
3,long,2,turbulent,94,0.0026698447920622,0.0023159788367267,0.0030545419657087,640
3,long,2,turbulent,95,0.0026450788703587,0.0022930543059084,0.003028109426407,640
3,short,1,calm,0,0.1942968757897806,0.1715207540269917,0.2184253630560219,640
3,short,1,calm,1,0.0971484378948903,0.0894022566733953,0.1047638067651179,640
3,short,1,calm,2,0.0647656252632602,0.0610692656642843,0.0681639165743763,640
3,short,1,calm,3,0.0485742189474451,0.0465993957619721,0.0502480804168515,640
3,short,1,calm,4,0.0388593751579561,0.0377819938640613,0.0396638495096733,640
3,short,1,calm,5,0.0323828126316301,0.0318313092473633,0.0326935997012399,640
3,short,1,calm,6,0.0277566965413972,0.0275375005997252,0.0277650937249341,640
3,short,1,calm,7,0.0242871094737225,0.024100590304428,0.0242891372788704,640
3,short,1,calm,8,0.02158854175442,0.0212718864592974,0.0217434632323738,640
3,short,1,calm,9,0.019429687578978,0.0190240538344733,0.0196932174897966,640
3,short,1,calm,10,0.0176633523445255,0.0171959755909251,0.0180055981448152,640
3,short,1,calm,11,0.016191406315815,0.0156808985624913,0.0165915250065608,640
3,short,1,calm,12,0.0149459135222908,0.014405326721943,0.0153889832186645,640
3,short,1,calm,13,0.0138783482706986,0.0133170290900162,0.0143534507571776,640
3,short,1,calm,14,0.012953125052652,0.0123778818135811,0.013452124984523,640
3,short,1,calm,15,0.0121435547368612,0.0115594157667981,0.012660296986796,640
3,short,1,calm,16,0.0114292279876341,0.0108399482675876,0.0119589951879317,640
3,short,1,calm,17,0.01079427087721,0.0102026787153825,0.0113334079709287,640
3,short,1,calm,18,0.0102261513573568,0.0096343905915926,0.0107718002744632,640
3,short,1,calm,19,0.009714843789489,0.0091245461237612,0.0102647524769552,640
3,short,1,calm,20,0.0092522321804657,0.0086646418065503,0.0098046148957015,640
3,short,1,calm,21,0.0088316761722627,0.0082477411905837,0.0093851097847171,640
3,short,1,calm,22,0.0084476902517295,0.0078681306014275,0.0090010362630372,640
3,short,1,calm,23,0.0080957031579075,0.0075210616748885,0.0086480483697394,640
3,short,1,calm,24,0.0077718750315912,0.0072025562229351,0.0083224859198049,640
3,short,1,calm,25,0.0074729567611454,0.0069092565257587,0.0080212440498082,640
3,short,1,calm,26,0.0071961805848066,0.0066383091858213,0.0077416714970275,640
3,short,1,calm,27,0.0069391741353493,0.0063872740910316,0.0074814904821384,640
3,short,1,calm,28,0.0066998922686131,0.0061540523809257,0.0072387330198943,640
3,short,1,calm,29,0.006476562526326,0.0059368289485085,0.0070116898534603,640
3,short,1,calm,30,0.006267641154509,0.0057340261707324,0.0067988691834576,640
3,short,1,calm,31,0.0060717773684306,0.005544266392726,0.0065989630654074,640
3,short,1,calm,32,0.0058877841148418,0.0053663412947799,0.0064108198613505,640
3,short,1,calm,33,0.005714613993817,0.0051991867142194,0.0062334215087413,640
3,short,1,calm,34,0.0055513393082794,0.00504186182282,0.0060658646505639,640
3,short,1,calm,35,0.005397135438605,0.004893531806335,0.0059073448816685,640
3,short,1,calm,36,0.0052512669132373,0.0047534533784573,0.0057571435263304,640
3,short,1,calm,37,0.0051130756786784,0.0046209626030398,0.0056146164843734,640
3,short,1,calm,38,0.0049819711740969,0.0044954646070535,0.005479184777464,640
3,short,1,calm,39,0.0048574218947445,0.0043764248508262,0.0053503265003674,640
3,short,1,calm,40,0.0047389481899946,0.0042633616876115,0.0052275699391707,640
3,short,1,calm,41,0.0046261160902328,0.0041558399959147,0.0051104876635008,640
3,short,1,calm,42,0.0045185319951111,0.0040534657085732,0.0049986914354285,640
3,short,1,calm,43,0.0044158380861313,0.003955881094804,0.0048918278061513,640
3,short,1,calm,44,0.004317708350884,0.0038627606771656,0.0047895742943137,640
3,short,1,calm,45,0.0042238451258647,0.0037738076860572,0.0046916360581528,640
3,short,1,calm,46,0.0041339760806336,0.0036887509710608,0.0045977429885034,640
3,short,1,calm,47,0.0040478515789537,0.0036073423019764,0.0045076471617756,640
3,short,1,calm,48,0.0039652423630567,0.0035293540034389,0.0044211206018866,640
3,short,1,calm,49,0.0038859375157956,0.0034545768760422,0.0043379533082395,640
3,short,1,calm,50,0.0038097426625447,0.0033828183643347,0.0042579515135222,640
3,short,1,calm,51,0.0037364783805727,0.0033139009381871,0.0041809361406378,640
3,short,1,calm,52,0.0036659787884864,0.0032476606591273,0.0041067414326745,640
3,short,1,calm,53,0.0035980902924033,0.0031839459074728,0.0040352137336654,640
3,short,1,calm,54,0.0035326704689051,0.0031226162496318,0.0039662104010988,640
3,short,1,calm,55,0.0034695870676746,0.0030635414279112,0.003899598833844,640
3,short,1,calm,56,0.0034087171191189,0.0030066004576668,0.0038352556014316,640
3,short,1,calm,57,0.0033499461343065,0.0029516808187351,0.0037730656625549,640
3,short,1,calm,58,0.0032931673862674,0.0028986777298725,0.0037129216622913,640
3,short,1,calm,59,0.003238281263163,0.0028474934964378,0.0036547232989347,640
3,short,1,calm,60,0.0031851946850783,0.0027980369228472,0.0035983767525151,640
3,short,1,calm,61,0.0031338205772545,0.0027502227824278,0.0035437941680962,640
3,short,1,calm,62,0.0030840773934885,0.0027039713382418,0.0034908931878143,640
3,short,1,calm,63,0.0030358886842153,0.0026592079092615,0.0034395965263712,640
3,short,1,calm,64,0.0029891827044581,0.0026158624769701,0.0033898315853382,640
3,short,1,calm,65,0.0029438920574209,0.0025738693280679,0.0033415301021891,640
3,short,1,calm,66,0.0028999533699967,0.0025331667294796,0.0032946278304626,640
3,short,1,calm,67,0.0028573069969085,0.0024936966323116,0.0032490642478767,640
3,short,1,calm,68,0.0028158967505765,0.0024554044017976,0.0032047822895809,640
3,short,1,calm,69,0.0027756696541397,0.0024182385706135,0.0031617281040547,640
3,short,1,calm,70,0.002736575715349,0.0023821506132381,0.0031198508294357,640
3,short,1,calm,71,0.0026985677193025,0.002347094739297,0.0030791023883097,640
3,short,1,calm,72,0.0026616010382161,0.0023130277040548,0.0030394372992049,640
3,short,1,calm,73,0.0026256334566186,0.0022799086344197,0.0030008125032238,640
3,short,1,calm,74,0.0025906250105304,0.0022476988690021,0.0029631872044117,640
3,short,1,calm,75,0.0025565378393392,0.00221636181092,0.0029265227226067,640
3,short,1,calm,76,0.0025233360492179,0.0021858627921852,0.0028907823576453,640
3,short,1,calm,77,0.0024909855870484,0.0021561689486215,0.002855931263914,640
3,short,1,calm,78,0.0024594541239212,0.0021272491043734,0.0028219363343362,640
3,short,1,calm,79,0.0024287109473722,0.0020990736651605,0.002788766092977,640
3,short,1,calm,80,0.0023987268616022,0.0020716145195152,0.0027563905955263,640
3,short,1,calm,81,0.0023694740949973,0.0020448449473158,0.0027247813369938,640
3,short,1,calm,82,0.0023409262143347,0.0020187395349961,0.0026939111660117,640
3,short,1,calm,83,0.0023130580451164,0.0019932740968689,0.0026637542052002,640
3,short,1,calm,84,0.0022858455975268,0.0019684256020577,0.0026342857771,640
3,short,1,calm,85,0.0022592659975555,0.0019441721065748,0.0026054823352219,640
3,short,1,calm,86,0.002233297422871,0.0019204926901285,0.0025773213998067,640
3,short,1,calm,87,0.0022079190430656,0.0018973673972813,0.0025497814979216,640
3,short,1,calm,88,0.0021831109639301,0.0018747771826125,0.0025228421075569,640
3,short,1,calm,89,0.002158854175442,0.0018527038595727,0.0024964836054134,640
3,short,1,calm,90,0.0021351305031844,0.0018311300527423,0.0024706872180986,640
3,short,1,calm,91,0.0021119225629323,0.0018100391532343,0.0024454349764759,640
3,short,1,calm,92,0.0020892137181696,0.0017894152770017,0.0024207096729294,640
3,short,1,calm,93,0.0020669880403168,0.0017692432258324,0.002396494821331,640
3,short,1,calm,94,0.0020452302714713,0.001749508450831,0.0023727746195111,640
3,short,1,calm,95,0.0020239257894768,0.0017301970182051,0.0023495339140518,640
3,short,1,turbulent,0,0.2225644909199807,0.1982294423146364,0.248012913763108,640
3,short,1,turbulent,1,0.1060116955328392,0.0984300857686671,0.1133210003298801,640
3,short,1,turbulent,2,0.0686967408350633,0.0653545294183179,0.0716683286918542,640
3,short,1,turbulent,3,0.0504953847008236,0.0488750897510435,0.0517781470364503,640
3,short,1,turbulent,4,0.0397702179766308,0.0390129197852663,0.0402381670933562,640
3,short,1,turbulent,5,0.0327215628306289,0.0324515463540752,0.0327463863719972,640
3,short,1,turbulent,6,0.0277460377704466,0.027511451825347,0.0277727662382874,640
3,short,1,turbulent,7,0.0240519110959255,0.0236582495982552,0.0242687424227864,640
3,short,1,turbulent,8,0.0212039314171485,0.0207100076344802,0.0215468220341878,640
3,short,1,turbulent,9,0.0189433104175142,0.0183854512947473,0.0193717189319175,640
3,short,1,turbulent,10,0.0171066788717064,0.0165082318776557,0.0175938768251289,640
3,short,1,turbulent,11,0.0155859020539196,0.0149623388740472,0.0161136935747796,640
3,short,1,turbulent,12,0.0143066017841055,0.0136684197268076,0.0148622777525981,640
3,short,1,turbulent,13,0.0132159649376448,0.0125704149597366,0.0137904628643851,640
3,short,1,turbulent,14,0.0122754728124032,0.0116276291482099,0.012862221595487,640
3,short,1,turbulent,15,0.0114563822177766,0.0108098262701313,0.0120505529868818,640
3,short,1,turbulent,16,0.0107368164831327,0.0100940863013752,0.0113348231517704,640
3,short,1,turbulent,17,0.0100998353879466,0.0094627281554395,0.0106989936313346,640
3,short,1,turbulent,18,0.0095321204804335,0.0089019002926658,0.0101304099912239,640
3,short,1,turbulent,19,0.0090230586562328,0.0084006018099004,0.0096189543475014,640
3,short,1,turbulent,20,0.0085640901566887,0.0079499883384797,0.0091564403700802,640
3,short,1,turbulent,21,0.0081482361567614,0.0075428707387407,0.0087361735203395,640
3,short,1,turbulent,22,0.0077697508279931,0.0071733470043519,0.0083526261741203,640
3,short,1,turbulent,23,0.0074238612651774,0.0068365279160471,0.0080011940814428,640
3,short,1,turbulent,24,0.0071065704658044,0.0065283297811635,0.0076780113609755,640
3,short,1,turbulent,25,0.006814506241211,0.0062453159106463,0.007379808250603,640
3,short,1,turbulent,26,0.0065448040486027,0.0059845739959187,0.0071038005155131,640
3,short,1,turbulent,27,0.0062950151902084,0.0057436202663207,0.006847602589612,640
3,short,1,turbulent,28,0.0060630342030865,0.0055203238583008,0.0066091587143889,640
3,short,1,turbulent,29,0.0058470409225252,0.0053128466036191,0.0063866878705631,640
3,short,1,turbulent,30,0.0056454538764683,0.0051195946979761,0.0061786393840917,640
3,short,1,turbulent,31,0.0054568925103844,0.004939179608581,0.0059836568685693,640
3,short,1,turbulent,32,0.0052801463528195,0.0047703862285947,0.0058005487334474,640
3,short,1,turbulent,33,0.0051141496799283,0.0046121467617632,0.0056282639045646,640
3,short,1,turbulent,34,0.0049579605693489,0.004463519172177,0.0054658717131913,640
3,short,1,turbulent,35,0.0048107434822734,0.0043236692967059,0.0053125451420035,640
3,short,1,turbulent,36,0.0046717547002063,0.0041918559155889,0.005167546792074,640
3,short,1,turbulent,37,0.0045403300857968,0.0040674182271221,0.0050302170689924,640
3,short,1,turbulent,38,0.0044158747468234,0.0039497652876847,0.0048999641892937,640
3,short,1,turbulent,39,0.0042978542672533,0.0038383670673705,0.0047762556882275,640
3,short,1,turbulent,40,0.0041857872353923,0.0037327468407295,0.0046586111722071,640
3,short,1,turbulent,41,0.0040792388509678,0.0036324746863298,0.0045465961082216,640
3,short,1,turbulent,42,0.0039778154338981,0.0035371619115702,0.0044398164811826,640
3,short,1,turbulent,43,0.0038811596899832,0.0034464562530381,0.0043379141809424,640
3,short,1,turbulent,44,0.0037889466146902,0.0033600377297162,0.0042405630053327,640
3,short,1,turbulent,45,0.0037008799370398,0.0032776150479928,0.0041474651853549,640
3,short,1,turbulent,46,0.0036166890224087,0.0031989224748858,0.0040583483546558,640
3,short,1,turbulent,47,0.0035361261667072,0.0031237171100275,0.003972962898408,640
3,short,1,turbulent,48,0.0034589642255009,0.0030517764984662,0.0038910796273253,640
3,short,1,turbulent,49,0.003384994530751,0.0029828965357482,0.0038124877312325,640
3,short,1,turbulent,50,0.0033140250553292,0.0029168896244729,0.0037369929737683,640
3,short,1,turbulent,51,0.0032458787916426,0.0028535830478833,0.003664416095719,640
3,short,1,turbulent,52,0.0031803923158264,0.0027928175313323,0.0035945913993905,640
3,short,1,turbulent,53,0.0031174145132254,0.0027344459668478,0.0035273654905189,640
3,short,1,turbulent,54,0.0030568054444434,0.002678332279679,0.0034625961576441,640
3,short,1,turbulent,55,0.0029984353342281,0.0026243504187694,0.0034001513717394,640
3,short,1,turbulent,56,0.0029421836679615,0.0025723834556706,0.0033399083913085,640
3,short,1,turbulent,57,0.0028879383826501,0.0025223227785835,0.0032817529602059,640
3,short,1,turbulent,58,0.0028355951410967,0.0024740673700425,0.0032255785871634,640
3,short,1,turbulent,59,0.0027850566794577,0.0024275231583158,0.0031712858974775,640
3,short,1,turbulent,60,0.0027362322196858,0.0023826024339123,0.0031187820485665,640
3,short,1,turbulent,61,0.002689036939464,0.0023392233237191,0.0030679802021766,640
3,short,1,turbulent,62,0.0026433914931815,0.0022973093162511,0.0030187990469329,640
3,short,1,turbulent,63,0.0025992215783168,0.0022567888323265,0.0029711623657232,640
3,short,1,turbulent,64,0.0025564575422918,0.0022175948361896,0.0029249986430782,640
3,short,1,turbulent,65,0.0025150340254644,0.0021796644827155,0.0028802407083017,640
3,short,1,turbulent,66,0.0024748896364469,0.0021429387968615,0.00283682541061,640
3,short,1,turbulent,67,0.002435966656392,0.0021073623819864,0.0027946933229811,640
3,short,1,turbulent,68,0.0023982107692802,0.0020728831540589,0.0027537884717968,640
3,short,1,turbulent,69,0.0023615708155826,0.0020394520991186,0.0027140580896959,640
3,short,1,turbulent,70,0.0023259985669739,0.002007023051659,0.0026754523893458,640
3,short,1,turbulent,71,0.0022914485200279,0.0019755524918605,0.0026379243560971,640
3,short,1,turbulent,72,0.0022578777070601,0.0019449993598357,0.0026014295577066,640
3,short,1,turbulent,73,0.0022252455224784,0.0019153248852476,0.0025659259695142,640
3,short,1,turbulent,74,0.0021935135631811,0.0018864924308423,0.0025313738136265,640
3,short,1,turbulent,75,0.0021626454816961,0.0018584673485902,0.0024977354108178,640
3,short,1,turbulent,76,0.0021326068508921,0.001831216847271,0.0024649750439894,640
3,short,1,turbulent,77,0.0021033650392133,0.0018047098704553,0.0024330588321489,640
3,short,1,turbulent,78,0.0020748890954958,0.0017789169839472,0.0024019546139756,640
3,short,1,turbulent,79,0.0020471496425204,0.0017538102718439,0.0023716318401336,640
3,short,1,turbulent,80,0.0020201187785377,0.0017293632404557,0.0023420614735729,640
3,short,1,turbulent,81,0.001993769986081,0.0017055507294015,0.002313215897139,640
3,short,1,turbulent,82,0.0019680780474441,0.0016823488292669,0.0022850688278704,640
3,short,1,turbulent,83,0.0019430189662645,0.0016597348052652,0.002257595237429,640
3,short,1,turbulent,84,0.0019185698947043,0.0016376870263999,0.0022307712781551,640
3,short,1,turbulent,85,0.0018947090657685,0.0016161848996732,0.00220457421429,640
3,short,1,turbulent,86,0.0018714157303435,0.0015952088089254,0.00217898235795,640
3,short,1,turbulent,87,0.0018486700985772,0.001574740057933,0.0021539750094719,640
3,short,1,turbulent,88,0.0018264532852545,0.0015547608174215,0.0021295324017875,640
3,short,1,turbulent,89,0.0018047472588569,0.001535254075686,0.0021056356485119,640
3,short,1,turbulent,90,0.0017835347940172,0.0015162035925349,0.0020822666954601,640
3,short,1,turbulent,91,0.0017627994271112,0.0014975938563004,0.0020594082753311,640
3,short,1,turbulent,92,0.0017425254147458,0.0014794100436805,0.0020370438653198,640
3,short,1,turbulent,93,0.0017226976949274,0.0014616379821981,0.0020151576474389,640
3,short,1,turbulent,94,0.00170330185071,0.0014442641150807,0.0019937344713515,640
3,short,1,turbulent,95,0.0016843240761414,0.0014272754683814,0.0019727598195294,640
3,short,2,calm,0,0.2267346023551667,0.202198778778987,0.2523465060260471,640
3,short,2,calm,1,0.1072520021676963,0.0997075242202274,0.1145046439979975,640
3,short,2,calm,2,0.069219243491841,0.0659348235712502,0.0721238772413673,640
3,short,2,calm,3,0.0507332883886896,0.0491674106350259,0.0519575789004774,640
3,short,2,calm,4,0.0398685277894272,0.0391587773872735,0.0402876087614173,640
3,short,2,calm,5,0.0327426973030085,0.0325135396854832,0.0327269000761421,640
3,short,2,calm,6,0.0277211932488114,0.027452729463554,0.0277829608817514,640
3,short,2,calm,7,0.0239983077118273,0.023576249058043,0.0242452541817586,640
3,short,2,calm,8,0.0211317708890214,0.0206139318124376,0.021500629161187,640
3,short,2,calm,9,0.0188589627894397,0.0182808883364548,0.0193098334636521,640
3,short,2,calm,10,0.0170142850156911,0.0163987080773276,0.0175209636814599,640
3,short,2,calm,11,0.0154882395789664,0.0148501443566248,0.0160329580883331,640
3,short,2,calm,12,0.014205580421116,0.0135550734206914,0.0147759804867048,640
3,short,2,calm,13,0.013112923424698,0.0124569389269575,0.0137002323246214,640
3,short,2,calm,14,0.0121713638061945,0.0115147167853268,0.0127692515943329,640
3,short,2,calm,15,0.011351891259624,0.0106979488153511,0.0119557313014023,640
3,short,2,calm,16,0.0106324406829633,0.0099835621422467,0.011238817743402,640
3,short,2,calm,17,0.009995936719206,0.0093537689930944,0.0106023118229731,640
3,short,2,calm,18,0.0094289626318682,0.0087946425125501,0.0100334399386977,640
3,short,2,calm,19,0.0089208329781314,0.0082951281707734,0.0095219946400869,640
3,short,2,calm,20,0.0084629342210771,0.0078463431927425,0.0090597215032022,640
3,short,2,calm,21,0.0080482472213316,0.0074410708513145,0.008639873698448,640
3,short,2,calm,22,0.0076709957248627,0.0070733893279548,0.0082568830917514,640
3,short,2,calm,23,0.0073263837439995,0.006738395231431,0.0079061138082427,640
3,short,2,calm,24,0.007010396699867,0.0064319948204295,0.0075836751128063,640
3,short,2,calm,25,0.0067196489917861,0.006150744390504,0.007286277598472,640
3,short,2,calm,26,0.0064512658385053,0.0058917268596883,0.0070111214270156,640
3,short,2,calm,27,0.0062027907384313,0.0056524553464149,0.0067558085888493,640
3,short,2,calm,28,0.0059721123033606,0.0054307971109023,0.0065182733699866,640
3,short,2,calm,29,0.0057574058999647,0.005224913025368,0.0062967267671175,640
3,short,2,calm,30,0.0055570867217024,0.0050332090048854,0.0060896116932908,640
3,short,2,calm,31,0.0053697717654824,0.0048542967362668,0.0058955666077889,640
3,short,2,calm,32,0.005194248805023,0.004686961697675,0.0057133957787058,640
3,short,2,calm,33,0.0050294509057368,0.004530136941194,0.0055420448091916,640
3,short,2,calm,34,0.0048744353615029,0.0043828814651649,0.0053805803719369,640
3,short,2,calm,35,0.004728366184695,0.0042443622678224,0.0052281733315263,640
3,short,2,calm,36,0.0045904994703091,0.0041138393732377,0.0050840846120643,640
3,short,2,calm,37,0.0044601710992844,0.0039906532721529,0.0049476533030567,640
3,short,2,calm,38,0.0043367863568167,0.0038742143364202,0.0048182866007713,640
3,short,2,calm,39,0.0042198111270615,0.0037639938553939,0.0046954512630321,640
3,short,2,calm,40,0.0041087643922859,0.0036595164123181,0.0045786663183856,640
3,short,2,calm,41,0.0040032118167928,0.0035603533733031,0.0044674968200299,640
3,short,2,calm,42,0.0039027602371811,0.003466117304459,0.004361548473984,640
3,short,2,calm,43,0.0038070529132394,0.00337645716682,0.0042604630020507,640
3,short,2,calm,44,0.0037157654199117,0.0032910541658472,0.0041639141249686,640
3,short,2,calm,45,0.0036286020817528,0.0032096181540675,0.0040716040711317,640
3,short,2,calm,46,0.0035452928682263,0.0031318845029477,0.0039832605323908,640
3,short,2,calm,47,0.0034655906819284,0.0030576113743107,0.0038986340015677,640
3,short,2,calm,48,0.0033892689830121,0.0029865773331582,0.0038174954370058,640
3,short,2,calm,49,0.0033161197022445,0.0029185792532202,0.003739634208251,640
3,short,2,calm,50,0.0032459514026612,0.0028534304743044,0.0036648562841748,640
3,short,2,calm,51,0.0031785876559955,0.0027909591769209,0.0035929826308152,640
3,short,2,calm,52,0.0031138656052161,0.0027310069449517,0.0035238477911633,640
3,short,2,calm,53,0.0030516346887887,0.0026734274915319,0.0034572986232484,640
3,short,2,calm,54,0.0029917555058611,0.0026180855269851,0.0033931931763185,640
3,short,2,calm,55,0.0029340988045658,0.0025648557507232,0.0033313996878101,640
3,short,2,calm,56,0.0028785445781601,0.0025136219516009,0.0032717956862335,640
3,short,2,calm,57,0.0028249812558491,0.0024642762033924,0.0032142671871545,640
3,short,2,calm,58,0.0027733049769373,0.0024167181438911,0.0031587079712008,640
3,short,2,calm,59,0.0027234189384823,0.0023708543276938,0.003105018934495,640
3,short,2,calm,60,0.0026752328079269,0.0023265976440546,0.0030531075031819,640
3,short,2,calm,61,0.0026286621932919,0.0022838667923241,0.0030028871047943,640
3,short,2,calm,62,0.0025836281644676,0.0022425858084541,0.002954276690124,640
3,short,2,calm,63,0.0025400568199529,0.0022026836368778,0.0029072003000602,640
3,short,2,calm,64,0.0024978788940959,0.0021640937427868,0.0028615866725388,640
3,short,2,calm,65,0.0024570294004936,0.0021267537604389,0.002817368885337,640
3,short,2,calm,66,0.0024174473077321,0.0020906051736611,0.0027744840309584,640
3,short,2,calm,67,0.0023790752441016,0.0020555930251717,0.0027328729202962,640
3,short,2,calm,68,0.0023418592283166,0.0020216656517414,0.0026924798121463,640
3,short,2,calm,69,0.0023057484236097,0.0019887744425608,0.0026532521659796,640
3,short,2,calm,70,0.0022706949128728,0.0019568736184838,0.0026151404156727,640
3,short,2,calm,71,0.0022366534927747,0.0019259200300771,0.0025780977621556,640
3,short,2,calm,72,0.0022035814850167,0.0018958729726396,0.002542079983155,640
3,short,2,calm,73,0.0021714385630878,0.0018666940165555,0.0025070452584146,640
3,short,2,calm,74,0.0021401865930563,0.0018383468515228,0.0024729540089414,640
3,short,2,calm,75,0.0021097894870912,0.0018107971433539,0.0024397687489846,640
3,short,2,calm,76,0.0020802130685439,0.0017840124021856,0.0024074539495842,640
3,short,2,calm,77,0.0020514249475408,0.0017579618610528,0.0023759759126514,640
3,short,2,calm,78,0.0020233944061461,0.0017326163638922,0.002345302654641,640
3,short,2,calm,79,0.0019960922922471,0.001707948262133,0.0023154037989784,640
3,short,2,calm,80,0.0019694909214015,0.0016839313191202,0.0022862504764787,640
3,short,2,calm,81,0.0019435639859579,0.0016605406216881,0.002257815233077,640
3,short,2,calm,82,0.001918286470831,0.0016377524982693,0.0022300719442494,640
3,short,2,calm,83,0.0018936345753695,0.0016155444429853,0.0022029957355667,640
3,short,2,calm,84,0.0018695856408107,0.0015938950452146,0.0021765629088742,640
3,short,2,calm,85,0.0018461180828609,0.0015727839241864,0.0021507508736381,640
3,short,2,calm,86,0.0018232113289854,0.001552191668186,0.0021255380830416,640
3,short,2,calm,87,0.0018008457600295,0.0015320997779985,0.0021009039744532,640
3,short,2,calm,88,0.0017790026558256,0.0015124906142513,0.0020768289139197,640
3,short,2,calm,89,0.001757664144473,0.0014933473483463,0.0020532941443729,640
3,short,2,calm,90,0.001736813155005,0.0014746539166999,0.0020302817372619,640
3,short,2,calm,91,0.0017164333731833,0.0014563949780349,0.0020077745473492,640
3,short,2,calm,92,0.0016965092001804,0.0014385558734901,0.0019857561704338,640
3,short,2,calm,93,0.0016770257139336,0.001421122589333,0.0019642109037807,640
3,short,2,calm,94,0.0016579686329714,0.0014040817220808,0.0019431237090581,640
3,short,2,calm,95,0.0016393242825296,0.0013874204458513,0.0019224801775979,640
3,short,2,turbulent,0,0.256703472976377,0.2309346574344675,0.2832720273962164,640
3,short,2,turbulent,1,0.1156770618868832,0.1084841821208134,0.1224496071360452,640
3,short,2,turbulent,2,0.0725675233621943,0.0697311691292557,0.0749699070901079,640
3,short,2,turbulent,3,0.0521270027695075,0.0509616785161901,0.0529311221640662,640
3,short,2,turbulent,4,0.0403288872671275,0.0399587422358156,0.0404063838859652,640
3,short,2,turbulent,5,0.0327007570003499,0.0324071379535448,0.0327570098631128,640
3,short,2,turbulent,6,0.027388547339117,0.026892740576739,0.027690592644469,640
3,short,2,turbulent,7,0.0234897426802673,0.02288046290287,0.0239398281520457,640
3,short,2,turbulent,8,0.0205141184334783,0.0198413059727848,0.0210554621906964,640
3,short,2,turbulent,9,0.0181732141530393,0.0174664116259675,0.0187710736802637,640
3,short,2,turbulent,10,0.0162865897323109,0.0155639039439576,0.0169188596427759,640
3,short,2,turbulent,11,0.0147357861871448,0.0140085886604848,0.0153879779813111,640
3,short,2,turbulent,12,0.0134399263614947,0.0127154646413646,0.0141023295863194,640
3,short,2,turbulent,13,0.0123419704798089,0.0116248877402473,0.0130079708643484,640
3,short,2,turbulent,14,0.0114005760615396,0.0106938297918875,0.0120656199636413,640
3,short,2,turbulent,15,0.0105850707286001,0.0098905060245448,0.0112460065805605,640
3,short,2,turbulent,16,0.0098722349986257,0.009190951957154,0.0105268828558536,640
3,short,2,turbulent,17,0.0092441793641128,0.0085767738656217,0.0098910428616874,640
3,short,2,turbulent,18,0.0086869056230867,0.0080336301454869,0.0093249752835296,640
3,short,2,turbulent,19,0.0081893088312762,0.0075501815739987,0.00881792537489,640
3,short,2,turbulent,20,0.0077424704303507,0.0071173503468328,0.0083612283250673,640
3,short,2,turbulent,21,0.007339148265299,0.0067277872120253,0.0079478267625734,640
3,short,2,turbulent,22,0.0069734024969966,0.0063754817845378,0.007571915750975,640
3,short,2,turbulent,23,0.0066403170590492,0.0060554732275331,0.007228677688923,640
3,short,2,turbulent,24,0.0063357894201702,0.005763632483402,0.0069140816662455,640
3,short,2,turbulent,25,0.0060563699253763,0.0054964962979192,0.0066247297316304,640
3,short,2,turbulent,26,0.0057991376252757,0.0052511392635514,0.0063577377749407,640
3,short,2,turbulent,27,0.0055616033022284,0.005025074130609,0.0061106422740842,640
3,short,2,turbulent,28,0.0053416330061653,0.0048161733849877,0.0058813265933181,640
3,short,2,turbulent,29,0.0051373872247462,0.004622607000178,0.0056679622196059,640
3,short,2,turbulent,30,0.0049472720910073,0.0044427926150528,0.005468961525745,640
3,short,2,turbulent,31,0.0047698999454596,0.0042753553473468,0.0052829395101235,640
3,short,2,turbulent,32,0.0046040572306503,0.0041190951445615,0.005108682587235,640
3,short,2,turbulent,33,0.0044486781797571,0.0039729600790608,0.0049451229606927,640
3,short,2,turbulent,34,0.0043028231182181,0.0038360243666752,0.0047913174494014,640
3,short,2,turbulent,35,0.0041656604641821,0.0037074701656691,0.004646429891003,640
3,short,2,turbulent,36,0.0040364517145113,0.0035865724215788,0.0045097164379796,640
3,short,2,turbulent,37,0.0039145388557317,0.0034726861816653,0.0043805132073672,640
3,short,2,turbulent,38,0.0037993337562429,0.0033652359236914,0.0042582258567196,640
3,short,2,turbulent,39,0.0036903091863253,0.0032637065369282,0.0041423207452903,640
3,short,2,turbulent,40,0.0035869911826096,0.0031676356656092,0.0040323174066185,640
3,short,2,turbulent,41,0.0034889525285521,0.0030766071815494,0.0039277821113866,640
3,short,2,turbulent,42,0.0033958071656818,0.0029902455970744,0.0038283223409753,640
3,short,2,turbulent,43,0.0033072053846351,0.0029082112645564,0.0037335820251248,640
3,short,2,turbulent,44,0.0032228296722903,0.0028301962368273,0.0036432374234376,640
3,short,2,turbulent,45,0.0031423911131948,0.002755920685129,0.0035569935515864,640
3,short,2,turbulent,46,0.0030656262610976,0.0026851297892661,0.00347458107014,640
3,short,2,turbulent,47,0.0029922944106753,0.0026175910291952,0.0033957535677394,640
3,short,2,turbulent,48,0.0029221752111475,0.0025530918191092,0.003320285181619,640
3,short,2,turbulent,49,0.0028550665729666,0.0024914374347382,0.0032479685076806,640
3,short,2,turbulent,50,0.0027907828265563,0.002432449192499,0.0031786127599046,640
3,short,2,turbulent,51,0.0027291530984938,0.0023759628456485,0.0031120421451306,640
3,short,2,turbulent,52,0.0026700198758429,0.0023218271679783,0.0030480944244235,640
3,short,2,turbulent,53,0.0026132377337618,0.0022699027000613,0.002986619636547,640
3,short,2,turbulent,54,0.0025586722051897,0.0022200606367822,0.0029274789626648,640
3,short,2,turbulent,55,0.0025061987744956,0.0021721818379967,0.0028705437144054,640
3,short,2,turbulent,56,0.0024557019795619,0.0021261559467748,0.0028156944299556,640
3,short,2,turbulent,57,0.0024070746089519,0.0020818806018779,0.0027628200649898,640
3,short,2,turbulent,58,0.0023602169826541,0.0020392607329759,0.0027118172670473,640
3,short,2,turbulent,59,0.0023150363064567,0.0019982079286791,0.0026625897235026,640
3,short,2,turbulent,60,0.0022714460913316,0.0019586398687939,0.0026150475745842,640
3,short,2,turbulent,61,0.0022293656303409,0.0019204798133464,0.0025691068840068,640
3,short,2,turbulent,62,0.002188719526546,0.0018836561418874,0.0025246891607382,640
3,short,2,turbulent,63,0.0021494372662264,0.0018481019374262,0.0024817209262412,640
3,short,2,turbulent,64,0.0021114528324324,0.0018137546100475,0.0024401333222327,640
3,short,2,turbulent,65,0.0020747043545051,0.0017805555558864,0.0023998617546104,640
3,short,2,turbulent,66,0.0020391337897312,0.0017484498476614,0.0023608455697233,640
3,short,2,turbulent,67,0.0020046866337564,0.0017173859534239,0.0023230277596156,640
3,short,2,turbulent,68,0.0019713116567821,0.0016873154805819,0.0022863546932687,640
3,short,2,turbulent,69,0.0019389606629133,0.0016581929425974,0.0022507758712093,640
3,short,2,turbulent,70,0.0019075882703293,0.001629975546059,0.002216243701153,640
3,short,2,turbulent,71,0.0018771517102118,0.001602622996092,0.0021827132926126,640
3,short,2,turbulent,72,0.0018476106425952,0.0015760973182987,0.0021501422686301,640
3,short,2,turbulent,73,0.0018189269875048,0.0015503626956184,0.0021184905929931,640
3,short,2,turbulent,74,0.0017910647699279,0.0015253853186774,0.0020877204114729,640
3,short,2,turbulent,75,0.0017639899773181,0.001501133248349,0.0020577959057769,640
3,short,2,turbulent,76,0.0017376704284683,0.0014775762893831,0.0020286831590446,640
3,short,2,turbulent,77,0.0017120756527134,0.0014546858740829,0.0020003500318397,640
3,short,2,turbulent,78,0.0016871767785273,0.0014324349551133,0.0019727660476958,640
3,short,2,turbulent,79,0.0016629464306763,0.0014107979066186,0.0019459022873707,640
3,short,2,turbulent,80,0.0016393586351732,0.0013897504329117,0.0019197312910456,640
3,short,2,turbulent,81,0.0016163887313539,0.0013692694840689,0.0018942269677848,640
3,short,2,turbulent,82,0.0015940132904627,0.0013493331778326,0.0018693645116347,640
3,short,2,turbulent,83,0.0015722100401924,0.0013299207272793,0.0018451203238018,640
3,short,2,turbulent,84,0.0015509577946801,0.001311012373766,0.0018214719404039,640
3,short,2,turbulent,85,0.0015302363895039,0.0012925893247126,0.0017983979653352,640
3,short,2,turbulent,86,0.0015100266212714,0.0012746336958197,0.0017758780078275,640
3,short,2,turbulent,87,0.0014903101914257,0.0012571284573589,0.0017538926243306,640
3,short,2,turbulent,88,0.0014710696539316,0.0012400573842069,0.001732423264368,640
3,short,2,turbulent,89,0.0014522883665337,0.0012234050093223,0.0017114522200537,640
3,short,2,turbulent,90,0.0014339504453058,0.001207156580394,0.0016909625789867,640
3,short,2,turbulent,91,0.0014160407222355,0.0011912980194127,0.0016709381802615,640
3,short,2,turbulent,92,0.0013985447056119,0.0011758158849382,0.0016513635733577,640
3,short,2,turbulent,93,0.0013814485430031,0.0011606973368572,0.0016322239796924,640
3,short,2,turbulent,94,0.0013647389866278,0.0011459301034421,0.0016135052566358,640
3,short,2,turbulent,95,0.0013484033609444,0.0011315024505383,0.0015951938638079,640
4,long,1,calm,0,0.1156157946905844,0.0991801521919823,0.1338001771949047,640
4,long,1,calm,1,0.0677991223481674,0.0606308244087734,0.0752665123029968,640
4,long,1,calm,2,0.0496173770885599,0.0454641085051201,0.0537583644419548,640
4,long,1,calm,3,0.0397585901085894,0.0370648439959209,0.0423396141397106,640
4,long,1,calm,4,0.0334819131346991,0.031634142549232,0.0351812758395607,640
4,long,1,calm,5,0.02909649696934,0.0277931251238612,0.0302406520192072,640
4,long,1,calm,6,0.0258399505290944,0.024911803062491,0.0266088016007819,640
4,long,1,calm,7,0.0233151320057693,0.0226584855778929,0.0238172710631658,640
4,long,1,calm,8,0.0212936659367082,0.0208407137565617,0.0215990875951103,640
4,long,1,calm,9,0.0196343789457605,0.0193385884154717,0.0197904964427376,640
4,long,1,calm,10,0.0182450392128032,0.0180732378426464,0.018285243996593,640
4,long,1,calm,11,0.0170626942729307,0.016990497109684,0.0170112510683654,640
4,long,1,calm,12,0.0160428228311041,0.0159178242812631,0.0160518462123065,640
4,long,1,calm,13,0.0151529985334723,0.0149682290041804,0.015229086907067,640
4,long,1,calm,14,0.0143690117262677,0.014135166991304,0.014501067577924,640
4,long,1,calm,15,0.0136724008311605,0.013397911445874,0.0138515885495184,640
4,long,1,calm,16,0.0130488277774728,0.0127404299352337,0.0132680175163964,640
4,long,1,calm,17,0.0124869778039199,0.0121501183802078,0.0127403480273117,640
4,long,1,calm,18,0.0119777955537665,0.0116169253816976,0.0122605432507514,640
4,long,1,calm,19,0.0115139429170252,0.0111327329695528,0.0118220685552325,640
4,long,1,calm,20,0.0110894067093777,0.0106909100107901,0.0114195521226759,640
4,long,1,calm,21,0.0106992098194408,0.010285984451486,0.011048534267364,640
4,long,1,calm,22,0.0103391952053309,0.0099133989641275,0.0107052794064073,640
4,long,1,calm,23,0.0100058620856759,0.009569326174818,0.0103866330521551,640
4,long,1,calm,24,0.0096962401215137,0.0092505271341777,0.0100899116678914,640
4,long,1,calm,25,0.009407791650327,0.0089542416327103,0.0098128168552424,640
4,long,1,calm,26,0.0091383349066364,0.008678102278297,0.0095533677919589,640
4,long,1,calm,27,0.0088859831328579,0.0084200665209591,0.0093098475225265,640
4,long,1,calm,28,0.0086490958553437,0.0081783623849297,0.0090807598794176,640
4,long,1,calm,29,0.0084262395692447,0.0079514447780298,0.0088647946451522,640
4,long,1,calm,30,0.0082161557694143,0.0077379600412174,0.0086607991626524,640
4,long,1,calm,31,0.008017734767346,0.0075367169746449,0.0084677550353297,640
4,long,1,calm,32,0.0078299941027948,0.0073466629961708,0.0082847588772236,640
4,long,1,calm,33,0.0076520606319639,0.007166864398609,0.0081110063103351,640
4,long,1,calm,34,0.00748315557866,0.0069964899038482,0.0079457785839225,640
4,long,1,calm,35,0.0073225819893599,0.0068347968868131,0.007788431325003,640
4,long,1,calm,36,0.007169714150911,0.0066811197752479,0.00763838503198,640
4,long,1,calm,37,0.0070239886201058,0.0065348602333378,0.0074951170023771,640
4,long,1,calm,38,0.0068848965844688,0.0063954788160603,0.0073581544469821,640
4,long,1,calm,39,0.006751977328274,0.0062624878425851,0.007227068590632,640
4,long,1,calm,40,0.0066248126207645,0.00613544528521,0.0071014695975738,640
4,long,1,calm,41,0.0065030218775023,0.006013949508342,0.0069810021891937,640
4,long,1,calm,42,0.0063862579727879,0.0058976347222273,0.0068653418456952,640
4,long,1,calm,43,0.0062742036027025,0.0057861670402607,0.0067541915023701,640
4,long,1,calm,44,0.0061665681157163,0.0056792410480854,0.006647278666468,640
4,long,1,calm,45,0.0060630847418713,0.0055765768083484,0.0065443528931105,640
4,long,1,calm,46,0.0059635081629821,0.0054779172376846,0.0064451835688287,640
4,long,1,calm,47,0.0058676123756374,0.0053830258028668,0.0063495579595863,640
4,long,1,calm,48,0.0057751888064514,0.0052916844915564,0.0062572794869587,640
4,long,1,calm,49,0.0056860446453278,0.0052036920200753,0.0061681662017596,640
4,long,1,calm,50,0.0056000013677307,0.0051188622464064,0.0060820494290595,640
4,long,1,calm,51,0.0055168934212977,0.0050370227614172,0.0059987725624175,640
4,long,1,calm,52,0.0054365670557573,0.0049580136353052,0.0059181899883818,640
4,long,1,calm,53,0.0053588792781444,0.0048816862995976,0.0058401661250275,640
4,long,1,calm,54,0.0052836969178572,0.0048079025478473,0.0057645745605809,640
4,long,1,calm,55,0.0052108957882503,0.0047365336405246,0.0056912972801063,640
4,long,1,calm,56,0.0051403599332722,0.0046674595016013,0.0056202239698614,640
4,long,1,calm,57,0.0050719809492018,0.0046005679960125,0.005551251390313,640
4,long,1,calm,58,0.0050056573728491,0.0045357542786204,0.0054842828099848,640
4,long,1,calm,59,0.0049412941287054,0.0044729202065285,0.005419227493316,640
4,long,1,calm,60,0.0048788020284885,0.0044119738076431,0.0053560002365776,640
4,long,1,calm,61,0.0048180973173511,0.0043528287992773,0.0052945209466303,640
4,long,1,calm,62,0.0047591012617276,0.0042954041513637,0.0052347142579519,640
4,long,1,calm,63,0.0047017397744074,0.0042396236895112,0.0051765091839119,640
4,long,1,calm,64,0.0046459430729505,0.0041854157337102,0.0051198387987501,640
4,long,1,calm,65,0.0045916453680186,0.0041327127689956,0.0050646399471302,640
4,long,1,calm,66,0.0045387845785939,0.0040814511448031,0.0050108529785017,640
4,long,1,calm,67,0.0044873020714043,0.0040315708001346,0.0049584215038151,640
4,long,1,calm,68,0.0044371424221755,0.0039830150119738,0.0049072921724138,640
4,long,1,calm,69,0.004388253196596,0.003935730164682,0.0048574144671634,640
4,long,1,calm,70,0.004340584749111,0.0038896655383513,0.0048087405160909,640
4,long,1,calm,71,0.0042940900378686,0.0038447731143168,0.0047612249189936,640
4,long,1,calm,72,0.0042487244543143,0.0038010073962196,0.0047148245876373,640
4,long,1,calm,73,0.0042044456660954,0.0037583252451824,0.0046694985983095,640
4,long,1,calm,74,0.0041612134720685,0.0037166857278142,0.0046252080556212,640
4,long,1,calm,75,0.0041189896683335,0.0036760499758861,0.0045819159665604,640
4,long,1,calm,76,0.0040777379243202,0.0036363810566445,0.004539587123904,640
4,long,1,calm,77,0.0040374236680561,0.0035976438528281,0.0044981879981797,640
4,long,1,calm,78,0.0039980139798255,0.003559804951549,0.0044576866374522,640
4,long,1,calm,79,0.0039594774935105,0.0035228325412804,0.004418052574275,640
4,long,1,calm,80,0.0039217843049696,0.0034866963162662,0.0043792567392133,640
4,long,1,calm,81,0.0038849058868725,0.0034513673877347,0.0043412713803997,640
4,long,1,calm,82,0.0038488150094638,0.0034168182013543,0.0043040699886339,640
4,long,1,calm,83,0.0038134856667771,0.0033830224604251,0.0042676272275824,640
4,long,1,calm,84,0.0037788930078649,0.0033499550543429,0.0042319188686758,640
4,long,1,calm,85,0.0037450132726482,0.0033175919919186,0.0041969217303358,640
4,long,1,calm,86,0.0037118237320271,0.0032859103391693,0.0041626136211974,640
4,long,1,calm,87,0.003679302631923,0.003254888161236,0.0041289732870216,640
4,long,1,calm,88,0.0036474291409533,0.0032245044681086,0.0040959803610194,640
4,long,1,calm,89,0.0036161833014655,0.0031947391638707,0.0040636153173335,640
4,long,1,calm,90,0.0035855459836796,0.003165572999199,0.0040318594274419,640
4,long,1,calm,91,0.0035554988427106,0.0031369875268756,0.0040006947192737,640
4,long,1,calm,92,0.0035260242782604,0.0031089650600917,0.0039701039388374,640
4,long,1,calm,93,0.0034971053967875,0.00308148863334,0.0039400705141845,640
4,long,1,calm,94,0.0034687259759765,0.0030545419657087,0.0039105785215426,640
4,long,1,calm,95,0.0034408704313465,0.003028109426407,0.0038816126534652,640
4,long,1,turbulent,0,0.1338001771949047,0.1156157946905844,0.1536951006429292,640
4,long,1,turbulent,1,0.0752665123029968,0.0677991223481674,0.0829360462131194,640
4,long,1,turbulent,2,0.0537583644419548,0.0496173770885599,0.0578125475072087,640
4,long,1,turbulent,3,0.0423396141397106,0.0397585901085894,0.0447534614486173,640
4,long,1,turbulent,4,0.0351812758395607,0.0334819131346991,0.0366924507353496,640
4,long,1,turbulent,5,0.0302406520192072,0.02909649696934,0.0311964668470166,640
4,long,1,turbulent,6,0.0266088016007819,0.0258399505290944,0.0271971106423138,640
4,long,1,turbulent,7,0.0238172710631658,0.0233151320057693,0.02414959963833,640
4,long,1,turbulent,8,0.0215990875951103,0.0212936659367082,0.0217462406758054,640
4,long,1,turbulent,9,0.0197904964427376,0.0196343789457605,0.0197997644500684,640
4,long,1,turbulent,10,0.018285243996593,0.0181894904800004,0.0182450392128032,640
4,long,1,turbulent,11,0.0170112510683654,0.0168340539502373,0.0170626942729307,640
4,long,1,turbulent,12,0.0159178242812631,0.0156765481280566,0.0160428228311041,640
4,long,1,turbulent,13,0.0149682290041804,0.01467594487826,0.0151529985334723,640
4,long,1,turbulent,14,0.014135166991304,0.0138018976689541,0.0143690117262677,640
4,long,1,turbulent,15,0.013397911445874,0.0130314649149814,0.0136724008311605,640
4,long,1,turbulent,16,0.0127404299352337,0.0123469725790423,0.0130488277774728,640
4,long,1,turbulent,17,0.0121501183802078,0.0117345784875751,0.0124869778039199,640
4,long,1,turbulent,18,0.0116169253816976,0.0111832830948433,0.0119777955537665,640
4,long,1,turbulent,19,0.0111327329695528,0.0106842324353252,0.0115139429170252,640
4,long,1,turbulent,20,0.0106909100107901,0.0102302171278738,0.0110894067093777,640
4,long,1,turbulent,21,0.010285984451486,0.0098153058668224,0.0106992098194408,640
4,long,1,turbulent,22,0.0099133989641275,0.0094345730092613,0.0103391952053309,640
4,long,1,turbulent,23,0.009569326174818,0.0090838931789675,0.0100058620856759,640
4,long,1,turbulent,24,0.0092505271341777,0.0087597843739594,0.0096962401215137,640
4,long,1,turbulent,25,0.0089542416327103,0.0084592866953596,0.009407791650327,640
4,long,1,turbulent,26,0.008678102278297,0.008179867587933,0.0091383349066364,640
4,long,1,turbulent,27,0.0084200665209591,0.0079193470550004,0.0088859831328579,640
4,long,1,turbulent,28,0.0081783623849297,0.0076758380926057,0.0086490958553437,640
4,long,1,turbulent,29,0.0079514447780298,0.0074476988408399,0.0084262395692447,640
4,long,1,turbulent,30,0.0077379600412174,0.0072334938432376,0.0082161557694143,640
4,long,1,turbulent,31,0.0075367169746449,0.0070319624496323,0.008017734767346,640
4,long,1,turbulent,32,0.0073466629961708,0.0068419928684,0.0078299941027948,640
4,long,1,turbulent,33,0.007166864398609,0.0066626007213242,0.0076520606319639,640
4,long,1,turbulent,34,0.0069964899038482,0.0064929112132558,0.00748315557866,640
4,long,1,turbulent,35,0.0068347968868131,0.0063321442236342,0.0073225819893599,640
4,long,1,turbulent,36,0.0066811197752479,0.0061796017749304,0.007169714150911,640
4,long,1,turbulent,37,0.0065348602333378,0.0060346574463887,0.0070239886201058,640
4,long,1,turbulent,38,0.0063954788160603,0.0058967473888961,0.0068848965844688,640
4,long,1,turbulent,39,0.0062624878425851,0.0057653626647897,0.006751977328274,640
4,long,1,turbulent,40,0.00613544528521,0.0056400426896398,0.0066248126207645,640
4,long,1,turbulent,41,0.006013949508342,0.0055203695949863,0.0065030218775023,640
4,long,1,turbulent,42,0.0058976347222273,0.005405963364266,0.0063862579727879,640
4,long,1,turbulent,43,0.0057861670402607,0.0052964776207011,0.0062742036027025,640
4,long,1,turbulent,44,0.0056792410480854,0.0051915959671988,0.0061665681157163,640
4,long,1,turbulent,45,0.0055765768083484,0.0050910287954786,0.0060630847418713,640
4,long,1,turbulent,46,0.0054779172376846,0.0049945104955593,0.0059635081629821,640
4,long,1,turbulent,47,0.0053830258028668,0.0049017970080658,0.0058676123756374,640
4,long,1,turbulent,48,0.0052916844915564,0.0048126636710998,0.0057751888064514,640
4,long,1,turbulent,49,0.0052036920200753,0.0047269033210336,0.0056860446453278,640
4,long,1,turbulent,50,0.0051188622464064,0.0046443246128869,0.0056000013677307,640
4,long,1,turbulent,51,0.0050370227614172,0.0045647505311591,0.0055168934212977,640
4,long,1,turbulent,52,0.0049580136353052,0.0044880170663321,0.0054365670557573,640
4,long,1,turbulent,53,0.0048816862995976,0.0044139720358823,0.0053588792781444,640
4,long,1,turbulent,54,0.0048079025478473,0.004342474031681,0.0052836969178572,640
4,long,1,turbulent,55,0.0047365336405246,0.0042733914782173,0.0052108957882503,640
4,long,1,turbulent,56,0.0046674595016013,0.0042066017882329,0.0051403599332722,640
4,long,1,turbulent,57,0.0046005679960125,0.0041419906041882,0.0050719809492018,640
4,long,1,turbulent,58,0.0045357542786204,0.0040794511155237,0.0050056573728491,640
4,long,1,turbulent,59,0.0044729202065285,0.0040188834430078,0.0049412941287054,640
4,long,1,turbulent,60,0.0044119738076431,0.0039601940825842,0.0048788020284885,640
4,long,1,turbulent,61,0.0043528287992773,0.0039032954021015,0.0048180973173511,640
4,long,1,turbulent,62,0.0042954041513637,0.0038481051851373,0.0047591012617276,640
4,long,1,turbulent,63,0.0042396236895112,0.003794546216841,0.0047017397744074,640
4,long,1,turbulent,64,0.0041854157337102,0.0037425459073377,0.0046459430729505,640
4,long,1,turbulent,65,0.0041327127689956,0.0036920359487696,0.0045916453680186,640
4,long,1,turbulent,66,0.0040814511448031,0.0036429520025119,0.0045387845785939,640
4,long,1,turbulent,67,0.0040315708001346,0.0035952334135039,0.0044873020714043,640
4,long,1,turbulent,68,0.0039830150119738,0.0035488229489847,0.0044371424221755,640
4,long,1,turbulent,69,0.003935730164682,0.0035036665592309,0.004388253196596,640
4,long,1,turbulent,70,0.0038896655383513,0.0034597131581576,0.004340584749111,640
4,long,1,turbulent,71,0.0038447731143169,0.0034169144218822,0.0042940900378686,640
4,long,1,turbulent,72,0.0038010073962196,0.0033752246035532,0.0042487244543143,640
4,long,1,turbulent,73,0.0037583252451824,0.0033346003629289,0.0042044456660954,640
4,long,1,turbulent,74,0.0037166857278142,0.0032950006093491,0.0041612134720685,640
4,long,1,turbulent,75,0.0036760499758861,0.0032563863568872,0.0041189896683335,640
4,long,1,turbulent,76,0.0036363810566445,0.0032187205905879,0.0040777379243202,640
4,long,1,turbulent,77,0.0035976438528281,0.0031819681428152,0.0040374236680561,640
4,long,1,turbulent,78,0.003559804951549,0.0031460955788241,0.0039980139798255,640
4,long,1,turbulent,79,0.0035228325412804,0.0031110710907647,0.0039594774935105,640
4,long,1,turbulent,80,0.0034866963162662,0.0030768643993975,0.0039217843049696,640
4,long,1,turbulent,81,0.0034513673877347,0.0030434466628748,0.0038849058868725,640
4,long,1,turbulent,82,0.0034168182013543,0.0030107903919986,0.0038488150094638,640
4,long,1,turbulent,83,0.0033830224604251,0.0029788693714248,0.0038134856667771,640
4,long,1,turbulent,84,0.0033499550543429,0.0029476585863315,0.0037788930078649,640
4,long,1,turbulent,85,0.0033175919919186,0.0029171341541121,0.0037450132726482,640
4,long,1,turbulent,86,0.0032859103391693,0.0028872732606966,0.0037118237320271,640
4,long,1,turbulent,87,0.003254888161236,0.0028580541011372,0.003679302631923,640
4,long,1,turbulent,88,0.0032245044681086,0.0028294558241286,0.0036474291409533,640
4,long,1,turbulent,89,0.0031947391638707,0.0028014584801617,0.0036161833014655,640
4,long,1,turbulent,90,0.003165572999199,0.0027740429730342,0.0035855459836796,640
4,long,1,turbulent,91,0.0031369875268756,0.0027471910144688,0.0035554988427106,640
4,long,1,turbulent,92,0.0031089650600918,0.002720885081606,0.0035260242782604,640
4,long,1,turbulent,93,0.00308148863334,0.0026951083771626,0.0034971053967875,640
4,long,1,turbulent,94,0.0030545419657087,0.0026698447920622,0.0034687259759765,640
4,long,1,turbulent,95,0.003028109426407,0.0026450788703587,0.0034408704313465,640
4,long,2,calm,0,0.1402449963640238,0.1214838795917644,0.1606934777244824,640
4,long,2,calm,1,0.0778057832878933,0.0702594840293833,0.0855186731023361,640
4,long,2,calm,2,0.0551231857604101,0.051002664051969,0.0591313654897025,640
4,long,2,calm,3,0.0431654609432865,0.0406341574920349,0.0455117628465513,640
4,long,2,calm,4,0.0357077817652056,0.0340668791001314,0.0371480093254733,640
4,long,2,calm,5,0.030581502061438,0.0294970894283017,0.0314688311374955,640
4,long,2,calm,6,0.0268258839520646,0.0261150704081985,0.0273501072328899,640
4,long,2,calm,7,0.0239475388552038,0.0235005249169916,0.0242206816623789,640
4,long,2,calm,8,0.021666124903948,0.0214124849250727,0.0217589315645514,640
4,long,2,calm,9,0.0198101322809665,0.019702378258826,0.0197696167317665,640
4,long,2,calm,10,0.0182685295972917,0.0181272075106934,0.0182733608896091,640
4,long,2,calm,11,0.0169661505486757,0.016747242769705,0.0170594674006571,640
4,long,2,calm,12,0.0158502284485195,0.015570759587409,0.0160141320147704,640
4,long,2,calm,13,0.0148825909472228,0.0145553193127949,0.0151034966815089,640
4,long,2,calm,14,0.0140349156003154,0.0136695810417747,0.0143023222165917,640
4,long,2,calm,15,0.0132857290224463,0.0128898856800655,0.013591389743528,640
4,long,2,calm,16,0.0126184436418039,0.0121980309622107,0.0129557931281142,640
4,long,2,calm,17,0.0120200353857148,0.0115797789796759,0.0123837841504408,640
4,long,2,calm,18,0.0114801302302563,0.0110238291287915,0.0118659716918283,640
4,long,2,calm,19,0.0109903590082931,0.0105210952839116,0.0113947540634082,640
4,long,2,calm,20,0.0105438926351328,0.0100641868598016,0.0109639086864753,640
4,long,2,calm,21,0.0101351013703614,0.0096470295827633,0.0105682903106239,640
4,long,2,calm,22,0.0097593010455756,0.0092645839092212,0.0102036055705482,640
4,long,2,calm,23,0.0094125613536588,0.0089126329211908,0.0098662421830287,640
4,long,2,calm,24,0.0090915591404203,0.008587620458445,0.0095531378774114,640
4,long,2,calm,25,0.0087934648058892,0.0082865261114939,0.0092616786384921,640
4,long,2,calm,26,0.0085158533905096,0.0080067676250987,0.0089896188598949,640
4,long,2,calm,27,0.0082566342901558,0.0077461239363132,0.008735018073577,640
4,long,2,calm,28,0.0080139951877152,0.0075026739223027,0.0084961903595331,640
4,long,2,calm,29,0.0077863569465793,0.0072747472337474,0.0082716635551688,640
4,long,2,calm,30,0.0075723370376605,0.0070608845158091,0.0080601461102572,640
4,long,2,calm,31,0.0073707196687361,0.0068598049865471,0.0078604999595951,640
4,long,2,calm,32,0.0071804312215689,0.0066703798299785,0.0076717181710445,640
4,long,2,calm,33,0.0070005199249771,0.0064916102204099,0.0074929064122055,640
4,long,2,calm,34,0.0068301389329621,0.0063226090624666,0.0073232674925853,640
4,long,2,calm,35,0.0066685321585822,0.0061625857326836,0.0071620883994242,640
4,long,2,calm,36,0.0065150223523071,0.0060108332613873,0.0070087293682068,640
4,long,2,calm,37,0.0063690010194278,0.0058667175105732,0.0068626146232462,640
4,long,2,calm,38,0.0062299198528612,0.0057296679937066,0.0067232244967634,640
4,long,2,calm,39,0.0060972834213339,0.0055991700534731,0.0065900886918255,640
4,long,2,calm,40,0.005970642902807,0.0054747581683547,0.0064627804992028,640
4,long,2,calm,41,0.0058495906923522,0.0053560102021059,0.0063409118135312,640
4,long,2,calm,42,0.0057337557449265,0.0052425424444445,0.0062241288222431,640
4,long,2,calm,43,0.005622799538433,0.0051340053185694,0.0061121082631897,640
4,long,2,calm,44,0.0055164125624828,0.0050300796530035,0.0060045541649403,640
4,long,2,calm,45,0.0054143112544452,0.0049304734329061,0.0059011949983416,640
4,long,2,calm,46,0.0053162353174855,0.0048349189602918,0.0058017811797865,640
4,long,2,calm,47,0.0052219453659927,0.0047431703642338,0.0057060828763286,640
4,long,2,calm,48,0.0051312208525554,0.004655001411651,0.0056138880707214,640
4,long,2,calm,49,0.0050438582378548,0.0045702035770976,0.0055250008510099,640
4,long,2,calm,50,0.0049596693707987,0.0044885843364338,0.0054392398947128,640
4,long,2,calm,51,0.0048784800511588,0.0044099656545976,0.0053564371221359,640
4,long,2,calm,52,0.0048001287510917,0.0043341826421528,0.005276436497102,640
4,long,2,calm,53,0.0047244654753574,0.004261082358994,0.0051990929565263,640
4,long,2,calm,54,0.0046513507429391,0.0041905227467078,0.005124271452898,640
4,long,2,calm,55,0.0045806546751927,0.0041223716737,0.0050518460959528,640
4,long,2,calm,56,0.0045122561777074,0.0040565060794081,0.0049816993816973,640
4,long,2,calm,57,0.0044460422047937,0.0039928112057847,0.0049137214985409,640
4,long,2,calm,58,0.0043819070969951,0.0039311799058226,0.0048478097016444,640
4,long,2,calm,59,0.0043197519832739,0.0038715120202429,0.0047838677477519,640
4,long,2,calm,60,0.0042594842406009,0.0038137138146175,0.004721805383762,640
4,long,2,calm,61,0.0042010170045983,0.0037576974701869,0.0046615378831423,640
4,long,2,calm,62,0.004144268725678,0.0037033806224789,0.0046029856250217,640
4,long,2,calm,63,0.0040891627657998,0.0036506859425628,0.0045460737114258,640
4,long,2,calm,64,0.0040356270315649,0.0035995407564052,0.0044907316186641,640
4,long,2,calm,65,0.0039835936398678,0.0035498766983337,0.0044368928793493,640
4,long,2,calm,66,0.0039329986127742,0.0035016293950893,0.0043844947919398,640
4,long,2,calm,67,0.0038837815986786,0.0034547381773569,0.0043334781550531,640
4,long,2,calm,68,0.0038358856171287,0.0034091458160203,0.0042837870241077,640
4,long,2,calm,69,0.0037892568249984,0.0033647982806994,0.0042353684881255,640
4,long,2,calm,70,0.0037438443019478,0.0033216445183992,0.004188172464763,640
4,long,2,calm,71,0.0036995998533327,0.0032796362503404,0.0041421515118495,640
4,long,2,calm,72,0.0036564778289252,0.0032387277852477,0.0040972606538961,640
4,long,2,calm,73,0.0036144349559798,0.0031988758475597,0.0040534572221974,640
4,long,2,calm,74,0.0035734301853331,0.0031600394191842,0.004010700707296,640
4,long,2,calm,75,0.003533424549363,0.0031221795935655,0.0039689526227022,640
4,long,2,calm,76,0.0034943810307482,0.0030852594409609,0.0039281763788758,640
4,long,2,calm,77,0.003456264441082,0.0030492438839293,0.0038883371665744,640
4,long,2,calm,78,0.0034190413084824,0.0030140995821409,0.0038494018487639,640
4,long,2,calm,79,0.0033826797734287,0.0029797948257012,0.0038113388603612,640
4,long,2,calm,80,0.003347149492129,0.0029462994362633,0.003774118115154,640
4,long,2,calm,81,0.0033124215467865,0.0029135846752698,0.0037377109193007,640
4,long,2,calm,82,0.0032784683621978,0.0028816231587341,0.0037020898908725,640
4,long,2,calm,83,0.0032452636281631,0.0028503887780187,0.0036672288849485,640
4,long,2,calm,84,0.0032127822272429,0.002819856626126,0.0036331029238195,640
4,long,2,calm,85,0.003181000167432,0.0027900029290564,0.0035996881318964,640
4,long,2,calm,86,0.0031498945193654,0.0027608049818325,0.0035669616749564,640
4,long,2,calm,87,0.0031194433577012,0.0027322410888211,0.0035349017033907,640
4,long,2,calm,88,0.0030896257063609,0.0027042905080211,0.0035034872991493,640
4,long,2,calm,89,0.0030604214873312,0.0026769333990111,0.0034726984261028,640
4,long,2,calm,90,0.0030318114727604,0.0026501507742793,0.0034425158835663,640
4,long,2,calm,91,0.0030037772401029,0.0026239244536818,0.0034129212627513,640
4,long,2,calm,92,0.0029763011300877,0.0025982370217959,0.0033838969059324,640
4,long,2,calm,93,0.0029493662073054,0.0025730717879564,0.0033554258681316,640
4,long,2,calm,94,0.0029229562232231,0.0025484127487794,0.0033274918811409,640
4,long,2,calm,95,0.0028970555814558,0.0025242445529934,0.0033000793197168,640
4,long,2,turbulent,0,0.1606934777244824,0.1402449963640238,0.1827284270243531,640
4,long,2,turbulent,1,0.0855186731023361,0.0778057832878933,0.0932839698516332,640
4,long,2,turbulent,2,0.0591313654897025,0.0551231857604101,0.0629504006644955,640
4,long,2,turbulent,3,0.0455117628465513,0.0431654609432865,0.0476220321763109,640
4,long,2,turbulent,4,0.0371480093254733,0.0357077817652056,0.0383535184827856,640
4,long,2,turbulent,5,0.0314688311374955,0.030581502061438,0.032136561198288,640
4,long,2,turbulent,6,0.0273501072328899,0.0268258839520646,0.0276733041862183,640
4,long,2,turbulent,7,0.0242206816623789,0.0239475388552037,0.0243113361514157,640
4,long,2,turbulent,8,0.0217589315645514,0.021666124903948,0.0216865706576261,640
4,long,2,turbulent,9,0.0197696167317665,0.0195797037172295,0.0198101322809665,640
4,long,2,turbulent,10,0.0181272075106934,0.0178506983492756,0.0182685295972917,640
4,long,2,turbulent,11,0.016747242769705,0.0164059093309916,0.0169661505486757,640
4,long,2,turbulent,12,0.015570759587409,0.0151803248035337,0.0158502284485195,640
4,long,2,turbulent,13,0.0145553193127949,0.0141273895662562,0.0148825909472228,640
4,long,2,turbulent,14,0.0136695810417747,0.0132128831550808,0.0140349156003154,640
4,long,2,turbulent,15,0.0128898856800655,0.0124110845013695,0.0132857290224463,640
4,long,2,turbulent,16,0.0121980309622107,0.0117022847620732,0.0126184436418039,640
4,long,2,turbulent,17,0.0115797789796759,0.011071125803221,0.0120200353857148,640
4,long,2,turbulent,18,0.0110238291287915,0.0105054611921777,0.0114801302302563,640
4,long,2,turbulent,19,0.0105210952839116,0.0099955574565227,0.0109903590082931,640
4,long,2,turbulent,20,0.0100641868598016,0.0095335225865033,0.0105438926351328,640
4,long,2,turbulent,21,0.0096470295827633,0.0091128897334759,0.0101351013703614,640
4,long,2,turbulent,22,0.0092645839092212,0.0087283090403981,0.0097593010455756,640
4,long,2,turbulent,23,0.0089126329211908,0.0083753161800976,0.0094125613536588,640
4,long,2,turbulent,24,0.008587620458445,0.0080501562015489,0.0090915591404203,640
4,long,2,turbulent,25,0.0082865261114939,0.0077496478482908,0.0087934648058892,640
4,long,2,turbulent,26,0.0080067676250987,0.0074710778950366,0.0085158533905096,640
4,long,2,turbulent,27,0.0077461239363132,0.0072121180258684,0.0082566342901558,640
4,long,2,turbulent,28,0.0075026739223027,0.0069707588333111,0.0080139951877152,640
4,long,2,turbulent,29,0.0072747472337474,0.0067452569584449,0.0077863569465793,640
4,long,2,turbulent,30,0.0070608845158091,0.0065340924159423,0.0075723370376605,640
4,long,2,turbulent,31,0.0068598049865471,0.0063359338845374,0.0073707196687361,640
4,long,2,turbulent,32,0.0066703798299785,0.0061496102797305,0.0071804312215689,640
4,long,2,turbulent,33,0.0064916102204099,0.0059740873202776,0.0070005199249771,640
4,long,2,turbulent,34,0.0063226090624666,0.0058084480935438,0.0068301389329621,640
4,long,2,turbulent,35,0.0061625857326836,0.0056518768451592,0.0066685321585822,640
4,long,2,turbulent,36,0.0060108332613873,0.0055036453853332,0.0065150223523071,640
4,long,2,turbulent,37,0.0058667175105732,0.0053631016316799,0.0063690010194278,640
4,long,2,turbulent,38,0.0057296679937066,0.0052296599065687,0.0062299198528612,640
4,long,2,turbulent,39,0.0055991700534731,0.0051027926831563,0.0060972834213339,640
4,long,2,turbulent,40,0.0054747581683547,0.0049820235337299,0.005970642902807,640
4,long,2,turbulent,41,0.0053560102021059,0.0048669210807616,0.0058495906923521,640
4,long,2,turbulent,42,0.0052425424444445,0.0047570937880841,0.0057337557449265,640
4,long,2,turbulent,43,0.0051340053185694,0.0046521854590557,0.005622799538433,640
4,long,2,turbulent,44,0.0050300796530035,0.0045518713321745,0.0055164125624828,640
4,long,2,turbulent,45,0.0049304734329061,0.0044558546835831,0.0054143112544452,640
4,long,2,turbulent,46,0.0048349189602918,0.0043638638612692,0.0053162353174855,640
4,long,2,turbulent,47,0.0047431703642338,0.0042756496882556,0.0052219453659927,640
4,long,2,turbulent,48,0.004655001411651,0.0041909831822768,0.0051312208525554,640
4,long,2,turbulent,49,0.0045702035770976,0.0041096535478092,0.0050438582378548,640
4,long,2,turbulent,50,0.0044885843364338,0.0040314664032233,0.0049596693707987,640
4,long,2,turbulent,51,0.0044099656545976,0.0039562422115327,0.0048784800511588,640
4,long,2,turbulent,52,0.0043341826421528,0.0038838148879565,0.0048001287510917,640
4,long,2,turbulent,53,0.004261082358994,0.0038140305614676,0.0047244654753574,640
4,long,2,turbulent,54,0.0041905227467078,0.0037467464708068,0.0046513507429391,640
4,long,2,turbulent,55,0.0041223716737,0.0036818299782215,0.0045806546751927,640
4,long,2,turbulent,56,0.0040565060794081,0.0036191576865309,0.0045122561777074,640
4,long,2,turbulent,57,0.0039928112057847,0.0035586146470956,0.0044460422047937,640
4,long,2,turbulent,58,0.0039311799058226,0.0035000936479513,0.0043819070969951,640
4,long,2,turbulent,59,0.0038715120202429,0.0034434945727915,0.0043197519832739,640
4,long,2,turbulent,60,0.0038137138146175,0.0033887238227008,0.0042594842406009,640
4,long,2,turbulent,61,0.0037576974701869,0.0033356937935842,0.0042010170045983,640
4,long,2,turbulent,62,0.0037033806224789,0.0032843224031279,0.004144268725678,640
4,long,2,turbulent,63,0.0036506859425628,0.0032345326618959,0.0040891627657998,640
4,long,2,turbulent,64,0.0035995407564052,0.00318625228383,0.0040356270315649,640
4,long,2,turbulent,65,0.0035498766983337,0.0031394133319892,0.0039835936398678,640
4,long,2,turbulent,66,0.0035016293950893,0.0030939518958625,0.0039329986127742,640
4,long,2,turbulent,67,0.0034547381773569,0.0030498077970185,0.0038837815986786,640
4,long,2,turbulent,68,0.0034091458160203,0.0030069243202283,0.0038358856171287,640
4,long,2,turbulent,69,0.0033647982806994,0.0029652479675245,0.0037892568249984,640
4,long,2,turbulent,70,0.0033216445183992,0.0029247282329445,0.0037438443019478,640
4,long,2,turbulent,71,0.0032796362503404,0.0028853173959556,0.0036995998533327,640
4,long,2,turbulent,72,0.0032387277852477,0.0028469703317772,0.0036564778289252,640
4,long,2,turbulent,73,0.0031988758475597,0.0028096443370088,0.0036144349559798,640
4,long,2,turbulent,74,0.0031600394191842,0.0027732989691403,0.0035734301853331,640
4,long,2,turbulent,75,0.0031221795935655,0.0027378958986726,0.003533424549363,640
4,long,2,turbulent,76,0.0030852594409609,0.0027033987727048,0.0034943810307482,640
4,long,2,turbulent,77,0.0030492438839293,0.0026697730889657,0.003456264441082,640
4,long,2,turbulent,78,0.0030140995821409,0.0026369860793647,0.0034190413084824,640
4,long,2,turbulent,79,0.0029797948257012,0.0026050066022362,0.0033826797734287,640
4,long,2,turbulent,80,0.0029462994362633,0.0025738050425264,0.003347149492129,640
4,long,2,turbulent,81,0.0029135846752698,0.0025433532192484,0.0033124215467865,640
4,long,2,turbulent,82,0.0028816231587341,0.0025136242995953,0.0032784683621978,640
4,long,2,turbulent,83,0.0028503887780187,0.0024845927191588,0.0032452636281631,640
4,long,2,turbulent,84,0.002819856626126,0.0024562341077515,0.0032127822272429,640
4,long,2,turbulent,85,0.0027900029290564,0.0024285252203801,0.003181000167432,640
4,long,2,turbulent,86,0.0027608049818325,0.0024014438729559,0.0031498945193654,640
4,long,2,turbulent,87,0.0027322410888211,0.0023749688823673,0.0031194433577012,640
4,long,2,turbulent,88,0.0027042905080211,0.002349080010573,0.0030896257063609,640
4,long,2,turbulent,89,0.0026769333990111,0.0023237579124045,0.0030604214873312,640
4,long,2,turbulent,90,0.0026501507742793,0.0022989840867934,0.0030318114727604,640
4,long,2,turbulent,91,0.0026239244536818,0.0022747408311637,0.0030037772401029,640
4,long,2,turbulent,92,0.0025982370217959,0.0022510111987534,0.0029763011300877,640
4,long,2,turbulent,93,0.0025730717879564,0.0022277789586456,0.0029493662073054,640
4,long,2,turbulent,94,0.0025484127487794,0.0022050285583133,0.0029229562232231,640
4,long,2,turbulent,95,0.0025242445529934,0.0021827450884926,0.0028970555814558,640
4,short,1,calm,0,0.210244119386815,0.1865455334225458,0.2351635981944454,640
4,short,1,calm,1,0.1022474914429624,0.094574806013139,0.1097076977619615,640
4,short,1,calm,2,0.0670683701190485,0.0635632398475938,0.0702322717496357,640
4,short,1,calm,3,0.0497257642062463,0.0479475105531627,0.0511804507187294,640
4,short,1,calm,4,0.0394271198232721,0.038529577848334,0.0400408318933136,640
4,short,1,calm,5,0.0326171910055854,0.0322252748048175,0.0327645133064943,640
4,short,1,calm,6,0.02778573539782,0.0276542734313197,0.0277069534910429,640
4,short,1,calm,7,0.0241830052845311,0.0238765245211491,0.0243084164288558,640
4,short,1,calm,8,0.0213949683042016,0.0209750660093071,0.0216584411633757,640
4,short,1,calm,9,0.0191744915791613,0.0186797085825204,0.0195337153558131,640
4,short,1,calm,10,0.0173650270708891,0.016820470627526,0.0177918055507295,640
4,short,1,calm,11,0.015862636101137,0.0152851859333029,0.0163375614385917,640
4,short,1,calm,12,0.0145956274930116,0.0139969177023439,0.0151049874805532,640
4,short,1,calm,13,0.0135129665010891,0.0129011747342005,0.0140468640741722,640
4,short,1,calm,14,0.0125773442450972,0.0119583073579587,0.0131285094478933,640
4,short,1,calm,15,0.0117608598666483,0.0111387925507348,0.012323874638361,640
4,short,1,calm,16,0.0110422348344648,0.0104202054810699,0.0116130129936059,640
4,short,1,calm,17,0.0104049608854053,0.0097852142931729,0.0109803908675397,640
4,short,1,calm,18,0.0098360360603381,0.0092202168552297,0.0104137303017077,640
4,short,1,calm,19,0.0093250820492932,0.0087143921898923,0.0099031979302733,640
4,short,1,calm,20,0.0088637151475439,0.0082590267438468,0.009440824971178,640
4,short,1,calm,21,0.0084450897462243,0.0078470270143288,0.0090200849503715,640
4,short,1,calm,22,0.0080635615959763,0.0074725611385037,0.0086355812682975,640
4,short,1,calm,23,0.0077144357413858,0.0071307913787729,0.008282812648656,640
4,short,1,calm,24,0.0073937753031685,0.0068176717443442,0.0079579947154682,640
4,short,1,calm,25,0.0070982546458322,0.0065297929980562,0.0076579226240083,640
4,short,1,calm,26,0.0068250453667694,0.0062642626122523,0.0073798641282625,640
4,short,1,calm,27,0.0065717268607504,0.0060186108282951,0.0071214754946644,640
4,short,1,calm,28,0.0063362154982545,0.0057907164404134,0.0068807347612476,640
4,short,1,calm,29,0.0061167080526506,0.0055787476439564,0.0066558883051022,640
4,short,1,calm,30,0.0059116361425469,0.0053811145036466,0.0064454077206056,640
4,short,1,calm,31,0.005719629267559,0.00519643046786,0.006247954758655,640
4,short,1,calm,32,0.0055394846053931,0.0050234809857449,0.0060623526213364,640
4,short,1,calm,33,0.0053701421711152,0.0048611977462154,0.0058875623068957,640
4,short,1,calm,34,0.0052106642606827,0.0047086374000776,0.0057226629975386,640
4,short,1,calm,35,0.0050602183414104,0.0045649638823939,0.0055668357059708,640
4,short,1,calm,36,0.0049180627338924,0.0044294336451978,0.0054193495657512,640
4,short,1,calm,37,0.0047835345685067,0.0043013832575265,0.0052795502796966,640
4,short,1,calm,38,0.0046560396061306,0.00418021894237,0.0051468503399999,640
4,short,1,calm,39,0.0045350435951352,0.0040654077071801,0.0050207207108188,640
4,short,1,calm,40,0.004420064901003,0.0039564697923293,0.0049006837242929,640
4,short,1,calm,41,0.0043106681953559,0.0038529722149969,0.0047863069882821,640
4,short,1,calm,42,0.004206459031031,0.0037545232278277,0.0046771981415565,640
4,short,1,calm,43,0.0041070791615029,0.0036607675449246,0.0045730003219702,640
4,short,1,calm,44,0.0040122024882555,0.0035713822142463,0.0044733882370028,640
4,short,1,calm,45,0.003921531540045,0.0034860730367499,0.0043780647452437,640
4,short,1,calm,46,0.0038347944044172,0.0034045714497759,0.0042867578729233,640
4,short,1,calm,47,0.0037517420451765,0.0033266318060807,0.0041992182022147,640
4,short,1,calm,48,0.0036721459503808,0.0032520289912465,0.004115216578335,640
4,short,1,calm,49,0.0035957960643408,0.0031805563314707,0.004034542090934,640
4,short,1,calm,50,0.0035224989644384,0.0031120237513479,0.0039570002922224,640
4,short,1,calm,51,0.0034520762496304,0.0030462561475462,0.0038824116200559,640
4,short,1,calm,52,0.0033843631125313,0.0029830919494838,0.0038106099989767,640
4,short,1,calm,53,0.0033192070711508,0.002922381842441,0.0037414415962071,640
4,short,1,calm,54,0.003256466839858,0.0028639876321602,0.0036747637129241,640
4,short,1,calm,55,0.0031960113220755,0.00280778123301,0.0036104437939537,640
4,short,1,calm,56,0.0031377187096745,0.0027536437643364,0.0035483585413769,640
4,short,1,calm,57,0.0030814756761238,0.0027014647417701,0.0034883931195439,640
4,short,1,calm,58,0.0030271766522099,0.0026511413520709,0.0034304404406775,640
4,short,1,calm,59,0.0029747231746436,0.0026025778016347,0.0033744005216909,640
4,short,1,calm,60,0.0029240232991428,0.0025556847300948,0.0033201799040686,640
4,short,1,calm,61,0.0028749910706747,0.0025103786815697,0.0032676911297099,640
4,short,1,calm,62,0.0028275460444701,0.0024665816270668,0.0032168522665341,640
4,short,1,calm,63,0.0027816128522277,0.0024242205323702,0.0031675864784187,640
4,short,1,calm,64,0.002737120808616,0.0023832269664486,0.0031198216347095,640
4,short,1,calm,65,0.0026940035537748,0.0023435367460289,0.003073489955117,640
4,short,1,calm,66,0.0026521987280348,0.0023050896125038,0.0030285276863119,640
4,short,1,calm,67,0.0026116476755213,0.0022678289378017,0.0029848748069657,640
4,short,1,calm,68,0.002572295173696,0.0022317014562399,0.0029424747583575,640
4,short,1,calm,69,0.0025340891862287,0.0021966570197282,0.0029012741979989,640
4,short,1,calm,70,0.0024969806368851,0.0021626483739892,0.0028612227740124,640
4,short,1,calm,71,0.0024609232023796,0.0021296309537237,0.0028222729182513,640
4,short,1,calm,72,0.0024258731223606,0.0020975626948816,0.0027843796563703,640
4,short,1,calm,73,0.0023917890249022,0.0020664038623963,0.0027475004332447,640
4,short,1,calm,74,0.0023586317660454,0.0020361168919208,0.0027115949523134,640
4,short,1,calm,75,0.0023263642820878,0.0020066662442581,0.0026766250275632,640
4,short,1,calm,76,0.0022949514534577,0.0019780182713162,0.0026425544470107,640
4,short,1,calm,77,0.0022643599791252,0.0019501410925391,0.0026093488466517,640
4,short,1,calm,78,0.0022345582606144,0.0019230044808733,0.0025769755939534,640
4,short,1,calm,79,0.0022055162947693,0.0018965797574235,0.0025454036800564,640
4,short,1,calm,80,0.0021772055745141,0.0018708396940372,0.0025146036199369,640
4,short,1,calm,81,0.002149598996922,0.001845758423131,0.0024845473598497,640
4,short,1,calm,82,0.0021226707779718,0.0018213113541404,0.0024552081914411,640
4,short,1,calm,83,0.0020963963734328,0.0017974750960334,0.0024265606719769,640
4,short,1,calm,84,0.00207075240537,0.0017742273853809,0.0023985805501831,640
4,short,1,calm,85,0.0020457165938097,0.0017515470195272,0.0023712446972437,640
4,short,1,calm,86,0.0020212676931483,0.0017294137944424,0.0023445310425427,640
4,short,1,calm,87,0.0019973854329248,0.0017078084468809,0.0023184185137723,640
4,short,1,calm,88,0.0019740504626118,0.0016867126005019,0.0022928869810661,640
4,short,1,calm,89,0.0019512443001107,0.0016661087156398,0.0022679172048451,640
4,short,1,calm,90,0.0019289492836649,0.0016459800424394,0.002243490787091,640
4,short,1,calm,91,0.001907148526929,0.0016263105770972,0.0022195901257871,640
4,short,1,calm,92,0.001885825876956,0.0016070850209713,0.002196198372289,640
4,short,1,calm,93,0.0018649658748826,0.0015882887423426,0.0021732993914076,640
4,short,1,calm,94,0.0018445537191148,0.0015699077406312,0.0021508777240051,640
4,short,1,calm,95,0.0018245752308278,0.0015519286128844,0.0021289185519212,640
4,short,1,turbulent,0,0.2351635981944454,0.210244119386815,0.2610826782477209,640
4,short,1,turbulent,1,0.1097076977619615,0.1022474914429624,0.1168377713083657,640
4,short,1,turbulent,2,0.0702322717496357,0.0670683701190485,0.0729990828375724,640
4,short,1,turbulent,3,0.0511804507187294,0.0497257642062463,0.0522863672761681,640
4,short,1,turbulent,4,0.0400408318933136,0.0394271198232721,0.0403620163611646,640
4,short,1,turbulent,5,0.0327645133064943,0.0326171910055854,0.0326680046471876,640
4,short,1,turbulent,6,0.0276542734313197,0.0273189707233319,0.02778573539782,640
4,short,1,turbulent,7,0.0238765245211491,0.0233988047899591,0.0241830052845311,640
4,short,1,turbulent,8,0.0209750660093071,0.0204106458953612,0.0213949683042016,640
4,short,1,turbulent,9,0.0186797085825204,0.0180625082782237,0.0191744915791613,640
4,short,1,turbulent,10,0.016820470627526,0.0161719557507349,0.0173650270708891,640
4,short,1,turbulent,11,0.0152851859333029,0.0146193415882122,0.015862636101137,640
4,short,1,turbulent,12,0.0139969177023439,0.0133230534576074,0.0145956274930116,640
4,short,1,turbulent,13,0.0129011747342005,0.0122255818546646,0.0135129665010891,640
4,short,1,turbulent,14,0.0119583073579587,0.0112852763561913,0.0125773442450972,640
4,short,1,turbulent,15,0.0111387925507348,0.0104712584583815,0.0117608598666483,640
4,short,1,turbulent,16,0.0104202054810699,0.0097601683861003,0.0110422348344648,640
4,short,1,turbulent,17,0.0097852142931729,0.0091340198950907,0.0104049608854053,640
4,short,1,turbulent,18,0.0092202168552297,0.0085787474347982,0.0098360360603381,640
4,short,1,turbulent,19,0.0087143921898923,0.0080831988764271,0.0093250820492932,640
4,short,1,turbulent,20,0.0082590267438468,0.0076384225114219,0.0088637151475439,640
4,short,1,turbulent,21,0.0078470270143288,0.0072371529214227,0.0084450897462243,640
4,short,1,turbulent,22,0.0074725611385037,0.0068734340397941,0.0080635615959763,640
4,short,1,turbulent,23,0.0071307913787729,0.0065423386209549,0.0077144357413858,640
4,short,1,turbulent,24,0.0068176717443442,0.0062397565999886,0.0073937753031685,640
4,short,1,turbulent,25,0.0065297929980562,0.0059622334329361,0.0070982546458322,640
4,short,1,turbulent,26,0.0062642626122523,0.0057068452050661,0.0068250453667694,640
4,short,1,turbulent,27,0.0060186108282951,0.0054711011333035,0.0065717268607504,640
4,short,1,turbulent,28,0.0057907164404134,0.0052528667188949,0.0063362154982545,640
4,short,1,turbulent,29,0.0055787476439564,0.0050503026355709,0.0061167080526506,640
4,short,1,turbulent,30,0.0053811145036466,0.0048618157286302,0.0059116361425469,640
4,short,1,turbulent,31,0.00519643046786,0.004686019422209,0.005719629267559,640
4,short,1,turbulent,32,0.0050234809857449,0.0045217014986085,0.0055394846053931,640
4,short,1,turbulent,33,0.0048611977462154,0.0043677977010192,0.0053701421711152,640
4,short,1,turbulent,34,0.0047086374000776,0.0042233699711747,0.0052106642606827,640
4,short,1,turbulent,35,0.0045649638823939,0.0040875884022305,0.0050602183414104,640
4,short,1,turbulent,36,0.0044294336451978,0.0039597161895335,0.0049180627338924,640
4,short,1,turbulent,37,0.0043013832575265,0.0038390970156517,0.0047835345685067,640
4,short,1,turbulent,38,0.00418021894237,0.0037251444237081,0.0046560396061306,640
4,short,1,turbulent,39,0.0040654077071801,0.0036173328238495,0.0045350435951352,640
4,short,1,turbulent,40,0.0039564697923293,0.0035151898482239,0.004420064901003,640
4,short,1,turbulent,41,0.0038529722149969,0.0034182898250316,0.0043106681953559,640
4,short,1,turbulent,42,0.0037545232278277,0.0033262481856685,0.004206459031031,640
4,short,1,turbulent,43,0.0036607675449246,0.0032387166534065,0.0041070791615029,640
4,short,1,turbulent,44,0.0035713822142463,0.0031553790894884,0.0040122024882555,640
4,short,1,turbulent,45,0.0034860730367499,0.0030759478944927,0.003921531540045,640
4,short,1,turbulent,46,0.0034045714497759,0.003000160880525,0.0038347944044172,640
4,short,1,turbulent,47,0.0033266318060807,0.0029277785441275,0.0037517420451765,640
4,short,1,turbulent,48,0.0032520289912465,0.0028585816814478,0.0036721459503808,640
4,short,1,turbulent,49,0.0031805563314707,0.002792369296739,0.0035957960643408,640
4,short,1,turbulent,50,0.0031120237513479,0.002728956763074,0.0035224989644384,640
4,short,1,turbulent,51,0.0030462561475462,0.0026681742006014,0.0034520762496304,640
4,short,1,turbulent,52,0.0029830919494838,0.0026098650430006,0.0033843631125313,640
4,short,1,turbulent,53,0.002922381842441,0.0025538847672196,0.0033192070711508,640
4,short,1,turbulent,54,0.0028639876321602,0.00250009976527,0.003256466839858,640
4,short,1,turbulent,55,0.00280778123301,0.0024483863399445,0.0031960113220755,640
4,short,1,turbulent,56,0.0027536437643364,0.0023986298089115,0.0031377187096745,640
4,short,1,turbulent,57,0.0027014647417701,0.002350723703827,0.0030814756761238,640
4,short,1,turbulent,58,0.0026511413520709,0.0023045690529493,0.0030271766522099,640
4,short,1,turbulent,59,0.0026025778016347,0.0022600737373048,0.0029747231746436,640
4,short,1,turbulent,60,0.0025556847300948,0.0022171519117838,0.0029240232991428,640
4,short,1,turbulent,61,0.0025103786815697,0.002175723483678,0.0028749910706747,640
4,short,1,turbulent,62,0.0024665816270668,0.0021357136421383,0.0028275460444701,640
4,short,1,turbulent,63,0.0024242205323702,0.0020970524328662,0.0027816128522277,640
4,short,1,turbulent,64,0.0023832269664486,0.0020596743730597,0.002737120808616,640
4,short,1,turbulent,65,0.0023435367460289,0.0020235181022536,0.0026940035537748,640
4,short,1,turbulent,66,0.0023050896125038,0.0019885260652229,0.0026521987280348,640
4,short,1,turbulent,67,0.0022678289378017,0.0019546442235768,0.0026116476755213,640
4,short,1,turbulent,68,0.0022317014562399,0.0019218217930698,0.002572295173696,640
4,short,1,turbulent,69,0.0021966570197282,0.0018900110040028,0.0025340891862287,640
4,short,1,turbulent,70,0.0021626483739892,0.001859166882388,0.0024969806368851,640
4,short,1,turbulent,71,0.0021296309537237,0.0018292470498153,0.0024609232023796,640
4,short,1,turbulent,72,0.0020975626948816,0.0018002115401878,0.0024258731223606,640
4,short,1,turbulent,73,0.0020664038623963,0.0017720226316959,0.0023917890249022,640
4,short,1,turbulent,74,0.0020361168919208,0.0017446446925777,0.0023586317660454,640
4,short,1,turbulent,75,0.0020066662442581,0.0017180440393665,0.0023263642820878,640
4,short,1,turbulent,76,0.0019780182713162,0.0016921888064674,0.0022949514534577,640
4,short,1,turbulent,77,0.0019501410925391,0.0016670488260231,0.0022643599791252,640
4,short,1,turbulent,78,0.0019230044808733,0.001642595517137,0.0022345582606144,640
4,short,1,turbulent,79,0.0018965797574235,0.001618801783618,0.0022055162947693,640
4,short,1,turbulent,80,0.0018708396940372,0.0015956419194939,0.0021772055745141,640
4,short,1,turbulent,81,0.001845758423131,0.0015730915216159,0.002149598996922,640
4,short,1,turbulent,82,0.0018213113541404,0.0015511274087421,0.0021226707779718,640
4,short,1,turbulent,83,0.0017974750960334,0.0015297275465506,0.0020963963734328,640
4,short,1,turbulent,84,0.0017742273853809,0.0015088709780804,0.00207075240537,640
4,short,1,turbulent,85,0.0017515470195272,0.001488537759151,0.0020457165938097,640
4,short,1,turbulent,86,0.0017294137944424,0.0014687088983494,0.0020212676931483,640
4,short,1,turbulent,87,0.0017078084468809,0.0014493663012153,0.0019973854329248,640
4,short,1,turbulent,88,0.0016867126005019,0.0014304927182847,0.0019740504626118,640
4,short,1,turbulent,89,0.0016661087156398,0.001412071696687,0.0019512443001107,640
4,short,1,turbulent,90,0.0016459800424394,0.001394087535016,0.0019289492836649,640
4,short,1,turbulent,91,0.0016263105770972,0.0013765252412195,0.001907148526929,640
4,short,1,turbulent,92,0.0016070850209713,0.0013593704932754,0.001885825876956,640
4,short,1,turbulent,93,0.0015882887423426,0.0013426096024436,0.0018649658748826,640
4,short,1,turbulent,94,0.0015699077406312,0.0013262294788974,0.0018445537191148,640
4,short,1,turbulent,95,0.0015519286128844,0.0013102175995595,0.0018245752308278,640
4,short,2,calm,0,0.243703823097314,0.2184253630560219,0.2699032197253125,640
4,short,2,calm,1,0.1121266242121087,0.1047638067651179,0.1191221903800141,640
4,short,2,calm,2,0.0712010727430016,0.0681639165743763,0.0738252599398538,640
4,short,2,calm,3,0.0515887674531192,0.0502480804168515,0.0525747571865721,640
4,short,2,calm,4,0.0401805555692825,0.0396638495096733,0.0404039160664524,640
4,short,2,calm,5,0.0327591739246767,0.0325828890754227,0.0326935997012399,640
4,short,2,calm,6,0.0275646534892972,0.0271639159585936,0.0277650937249341,640
4,short,2,calm,7,0.0237356733606594,0.0232039478489204,0.024100590304428,640
4,short,2,calm,8,0.0208022701298775,0.0201930492371812,0.0212718864592974,640
4,short,2,calm,9,0.0184868255150501,0.0178323288868668,0.0190240538344733,640
4,short,2,calm,10,0.0166150837545514,0.0159354633887016,0.0171959755909251,640
4,short,2,calm,11,0.0150722936450799,0.0143805069073408,0.0156808985624913,640
4,short,2,calm,12,0.0137798911699235,0.0130844330587672,0.014405326721943,640
4,short,2,calm,13,0.0126823268673026,0.011988835003819,0.0133170290900162,640
4,short,2,calm,14,0.0117392440692254,0.0110514784122604,0.0123778818135811,640
4,short,2,calm,15,0.0109206367528723,0.010241097146007,0.0115594157667981,640
4,short,2,calm,16,0.0102037439093988,0.00953407004189,0.0108399482675876,640
4,short,2,calm,17,0.009570996039238,0.0089122325329523,0.0102026787153825,640
4,short,2,calm,18,0.0090086208542331,0.0083613964603889,0.0096343905915926,640
4,short,2,calm,19,0.008505674269103,0.0078703250696388,0.0091245461237612,640
4,short,2,calm,20,0.0080533529317813,0.0074300082772945,0.0086646418065503,640
4,short,2,calm,21,0.0076444974425181,0.0070331406402435,0.0082477411905837,640
4,short,2,calm,22,0.0072732273954623,0.0066737390126872,0.0078681306014275,640
4,short,2,calm,23,0.0069346692393971,0.0063468582676441,0.0075210616748885,640
4,short,2,calm,24,0.0066247505900287,0.0060483770262775,0.0072025562229351,640
4,short,2,calm,25,0.0063400428407592,0.0057748341328691,0.0069092565257587,640
4,short,2,calm,26,0.0060776393653272,0.0055233024282939,0.0066383091858213,640
4,short,2,calm,27,0.0058350602822399,0.0052912902899526,0.0063872740910316,640
4,short,2,calm,28,0.0056101772737992,0.0050766640859775,0.0061540523809257,640
4,short,2,calm,29,0.0054011537100862,0.0048775865539719,0.0059368289485085,640
4,short,2,calm,30,0.0052063965698267,0.0046924674271648,0.0057340261707324,640
4,short,2,calm,31,0.0050245175384766,0.004519923568042,0.005544266392726,640
4,short,2,calm,32,0.0048543013072326,0.0043587465467444,0.0053663412947799,640
4,short,2,calm,33,0.0046946795677838,0.0042078760964106,0.0051991867142194,640
4,short,2,calm,34,0.0045447095461955,0.004066378243076,0.00504186182282,640
4,short,2,calm,35,0.0044035561797432,0.003933427180238,0.004893531806335,640
4,short,2,calm,36,0.0042704772368535,0.0038082901632531,0.0047534533784573,640
4,short,2,calm,37,0.0041448108296135,0.0036903148543796,0.0046209626030398,640
4,short,2,calm,38,0.0040259648827445,0.0035789186683737,0.0044954646070535,640
4,short,2,calm,39,0.0039134082113331,0.0034735797603758,0.0043764248508262,640
4,short,2,calm,40,0.0038066629283669,0.0033738293691394,0.0042633616876115,640
4,short,2,calm,41,0.0037052979569744,0.0032792452844161,0.0041558399959147,640
4,short,2,calm,42,0.0036089234647141,0.0031894462511946,0.0040534657085732,640
4,short,2,calm,43,0.0035171860709193,0.0031040871582382,0.003955881094804,640
4,short,2,calm,44,0.0034297647049509,0.0030228548860408,0.0038627606771656,640
4,short,2,calm,45,0.0033463670147455,0.0029454647114804,0.0037738076860572,640
4,short,2,calm,46,0.0032667262424037,0.0028716571842953,0.0036887509710608,640
4,short,2,calm,47,0.0031905984976307,0.0028011954049407,0.0036073423019764,640
4,short,2,calm,48,0.0031177603712914,0.0027338626451233,0.0035293540034389,640
4,short,2,calm,49,0.0030480068407071,0.0026694602618953,0.0034545768760422,640
4,short,2,calm,50,0.0029811494260143,0.0026078058640561,0.0033828183643347,640
4,short,2,calm,51,0.0029170145632496,0.0025487316960825,0.0033139009381871,640
4,short,2,calm,52,0.0028554421650795,0.0024920832101736,0.0032476606591273,640
4,short,2,calm,53,0.0027962843444628,0.0024377178014372,0.0031839459074728,640
4,short,2,calm,54,0.002739404280176,0.0023855036849593,0.0031226162496318,640
4,short,2,calm,55,0.0026846752061844,0.0023353188965924,0.0030635414279112,640
4,short,2,calm,56,0.0026319795094074,0.0022870504019055,0.0030066004576668,640
4,short,2,calm,57,0.0025812079225831,0.0022405932999267,0.0029516808187351,640
4,short,2,calm,58,0.0025322588007709,0.0021958501101602,0.0028986777298725,640
4,short,2,calm,59,0.002485037471574,0.002152730132929,0.0028474934964378,640
4,short,2,calm,60,0.0024394556504883,0.0021111488744236,0.0027980369228472,640
4,short,2,calm,61,0.0023954309139051,0.0020710275289773,0.0027502227824278,640
4,short,2,calm,62,0.0023528862232574,0.0020322925120522,0.0027039713382418,640
4,short,2,calm,63,0.0023117494946271,0.0019948750382577,0.0026592079092615,640
4,short,2,calm,64,0.0022719532088369,0.0019587107394331,0.0026158624769701,640
4,short,2,calm,65,0.0022334340576638,0.0019237393184414,0.0025738693280679,640
4,short,2,calm,66,0.0021961326223391,0.0018899042348538,0.0025331667294796,640
4,short,2,calm,67,0.0021599930809577,0.0018571524191607,0.0024936966323116,640
4,short,2,calm,68,0.0021249629418161,0.0018254340125464,0.0024554044017976,640
4,short,2,calm,69,0.002090992800043,0.0017947021296071,0.0024182385706135,640
4,short,2,calm,70,0.0020580361151911,0.0017649126416965,0.0023821506132381,640
4,short,2,calm,71,0.0020260490077162,0.0017360239788436,0.002347094739297,640
4,short,2,calm,72,0.0019949900725054,0.0017079969484184,0.0023130277040548,640
4,short,2,calm,73,0.0019648202078136,0.0016807945689238,0.0022799086344197,640
4,short,2,calm,74,0.0019355024581478,0.0016543819174651,0.0022476988690021,640
4,short,2,calm,75,0.0019070018697933,0.0016287259896084,0.00221636181092,640
4,short,2,calm,76,0.0018792853578131,0.0016037955704733,0.0021858627921852,640
4,short,2,calm,77,0.0018523215834754,0.001579561116027,0.0021561689486215,640
4,short,2,calm,78,0.0018260808411687,0.001555994643654,0.0021272491043734,640
4,short,2,calm,79,0.0018005349539613,0.0015330696311691,0.0020990736651605,640
4,short,2,calm,80,0.0017756571770464,0.0015107609235273,0.0020716145195152,640
4,short,2,calm,81,0.0017514221083874,0.0014890446465563,0.0020448449473158,640
4,short,2,calm,82,0.0017278056059478,0.0014678981271055,0.0020187395349961,640
4,short,2,calm,83,0.0017047847109467,0.001447299819063,0.0019932740968689,640
4,short,2,calm,84,0.0016823375766354,0.0014272292347466,0.0019684256020577,640
4,short,2,calm,85,0.0016604434021401,0.0014076668812187,0.0019441721065748,640
4,short,2,calm,86,0.001639082370954,0.0013885942011215,0.0019204926901285,640
4,short,2,calm,87,0.0016182355937048,0.0013699935176621,0.0018973673972813,640
4,short,2,calm,88,0.0015978850548547,0.0013518479834138,0.0018747771826125,640
4,short,2,calm,89,0.0015780135630224,0.00133414153263,0.0018527038595727,640
4,short,2,calm,90,0.0015586047046438,0.0013168588367931,0.0018311300527423,640
4,short,2,calm,91,0.0015396428007136,0.001299985263146,0.0018100391532343,640
4,short,2,calm,92,0.001521112866371,0.0012835068359773,0.0017894152770017,640
4,short,2,calm,93,0.001503000573116,0.0012674102004485,0.0017692432258324,640
4,short,2,calm,94,0.0014852922134568,0.0012516825887727,0.001749508450831,640
4,short,2,calm,95,0.001467974667811,0.0012363117885684,0.0017301970182051,640
4,short,2,turbulent,0,0.2699032197253125,0.243703823097314,0.2967785605663294,640
4,short,2,turbulent,1,0.1191221903800141,0.1121266242121087,0.1256479274846189,640
4,short,2,turbulent,2,0.0738252599398538,0.0712010727430016,0.0759980008585066,640
4,short,2,turbulent,3,0.0525747571865721,0.0515887674531192,0.0531958968028338,640
4,short,2,turbulent,4,0.0404039160664524,0.0401805555692825,0.0403375687593255,640
4,short,2,turbulent,5,0.0325828890754227,0.0321754754879318,0.0327591739246767,640
4,short,2,turbulent,6,0.0271639159585936,0.0265773058623376,0.0275646534892972,640
4,short,2,turbulent,7,0.0232039478489204,0.0225216881273601,0.0237356733606594,640
4,short,2,turbulent,8,0.0201930492371812,0.0194612984289298,0.0208022701298775,640
4,short,2,turbulent,9,0.0178323288868668,0.01707782362953,0.0184868255150501,640
4,short,2,turbulent,10,0.0159354633887016,0.0151741926838561,0.0166150837545514,640
4,short,2,turbulent,11,0.0143805069073408,0.0136222165212208,0.0150722936450799,640
4,short,2,turbulent,12,0.0130844330587672,0.0123351026296234,0.0137798911699235,640
4,short,2,turbulent,13,0.011988835003819,0.0112521045770797,0.0126823268673026,640
4,short,2,turbulent,14,0.0110514784122604,0.0103295014954968,0.0117392440692254,640
4,short,2,turbulent,15,0.010241097146007,0.0095350669241664,0.0109206367528723,640
4,short,2,turbulent,16,0.00953407004189,0.0088445524468407,0.0102037439093988,640
4,short,2,turbulent,17,0.0089122325329523,0.0082393816085922,0.009570996039238,640
4,short,2,turbulent,18,0.0083613964603889,0.0077050960854704,0.0090086208542331,640
4,short,2,turbulent,19,0.0078703250696388,0.0072302835518292,0.008505674269103,640
4,short,2,turbulent,20,0.0074300082772945,0.00680582219244,0.0080533529317813,640
4,short,2,turbulent,21,0.0070331406402435,0.0064243382619704,0.0076444974425181,640
4,short,2,turbulent,22,0.0066737390126872,0.0060798100009335,0.0072732273954623,640
4,short,2,turbulent,23,0.0063468582676441,0.0057672739916655,0.0069346692393971,640
4,short,2,turbulent,24,0.0060483770262775,0.0054826044385024,0.0066247505900287,640
4,short,2,turbulent,25,0.0057748341328691,0.0052223451645721,0.0063400428407592,640
4,short,2,turbulent,26,0.0055233024282939,0.0049835802555518,0.0060776393653272,640
4,short,2,turbulent,27,0.0052912902899526,0.0047638334024276,0.0058350602822399,640
4,short,2,turbulent,28,0.0050766640859775,0.0045609888095212,0.0056101772737992,640
4,short,2,turbulent,29,0.0048775865539719,0.0043732284851768,0.0054011537100862,640
4,short,2,turbulent,30,0.0046924674271648,0.0041989821044537,0.0052063965698267,640
4,short,2,turbulent,31,0.004519923568042,0.0040368866105504,0.0050245175384766,640
4,short,2,turbulent,32,0.0043587465467444,0.003885753426441,0.0048543013072326,640
4,short,2,turbulent,33,0.0042078760964106,0.0037445416621534,0.0046946795677838,640
4,short,2,turbulent,34,0.004066378243076,0.0036123360818716,0.0045447095461955,640
4,short,2,turbulent,35,0.003933427180238,0.0034883288769207,0.0044035561797432,640
4,short,2,turbulent,36,0.0038082901632531,0.0033718045024251,0.0042704772368535,640
4,short,2,turbulent,37,0.0036903148543796,0.0032621269958374,0.0041448108296135,640
4,short,2,turbulent,38,0.0035789186683737,0.0031587293180713,0.0040259648827445,640
4,short,2,turbulent,39,0.0034735797603758,0.0030611043522816,0.0039134082113331,640
4,short,2,turbulent,40,0.0033738293691394,0.0029687972684614,0.0038066629283669,640
4,short,2,turbulent,41,0.0032792452844161,0.0028813990191107,0.0037052979569744,640
4,short,2,turbulent,42,0.0031894462511946,0.0027985407760825,0.0036089234647141,640
4,short,2,turbulent,43,0.0031040871582382,0.0027198891541773,0.0035171860709193,640
4,short,2,turbulent,44,0.0030228548860408,0.0026451420952534,0.0034297647049509,640
4,short,2,turbulent,45,0.0029454647114804,0.0025740253091726,0.0033463670147455,640
4,short,2,turbulent,46,0.0028716571842953,0.002506289186032,0.0032667262424037,640
4,short,2,turbulent,47,0.0028011954049407,0.0024417061087765,0.0031905984976307,640
4,short,2,turbulent,48,0.0027338626451233,0.0023800681071851,0.0031177603712914,640
4,short,2,turbulent,49,0.0026694602618953,0.0023211848039199,0.0030480068407071,640
4,short,2,turbulent,50,0.0026078058640561,0.0022648816112775,0.0029811494260143,640
4,short,2,turbulent,51,0.0025487316960825,0.0022109981438202,0.0029170145632496,640
4,short,2,turbulent,52,0.0024920832101736,0.0021593868174645,0.0028554421650795,640
4,short,2,turbulent,53,0.0024377178014372,0.0021099116100854,0.0027962843444628,640
4,short,2,turbulent,54,0.0023855036849593,0.002062446962423,0.002739404280176,640
4,short,2,turbulent,55,0.0023353188965924,0.0020168768011908,0.0026846752061844,640
4,short,2,turbulent,56,0.0022870504019055,0.0019730936688992,0.0026319795094074,640
4,short,2,turbulent,57,0.0022405932999267,0.0019309979471,0.0025812079225831,640
4,short,2,turbulent,58,0.0021958501101602,0.0018904971616121,0.0025322588007709,640
4,short,2,turbulent,59,0.002152730132929,0.0018515053598568,0.002485037471574,640
4,short,2,turbulent,60,0.0021111488744236,0.0018139425517612,0.0024394556504883,640
4,short,2,turbulent,61,0.0020710275289773,0.0017777342068201,0.0023954309139051,640
4,short,2,turbulent,62,0.0020322925120522,0.0017428108008775,0.0023528862232574,640
4,short,2,turbulent,63,0.0019948750382577,0.0017091074070113,0.0023117494946271,640
4,short,2,turbulent,64,0.0019587107394331,0.0016765633256199,0.0022719532088369,640
4,short,2,turbulent,65,0.0019237393184414,0.0016451217494177,0.0022334340576638,640
4,short,2,turbulent,66,0.0018899042348538,0.0016147294595744,0.0021961326223391,640
4,short,2,turbulent,67,0.0018571524191607,0.0015853365496873,0.0021599930809577,640
4,short,2,turbulent,68,0.0018254340125464,0.0015568961746724,0.0021249629418161,640
4,short,2,turbulent,69,0.0017947021296071,0.0015293643220014,0.002090992800043,640
4,short,2,turbulent,70,0.0017649126416965,0.0015026996030088,0.0020580361151911,640
4,short,2,turbulent,71,0.0017360239788436,0.0014768630622557,0.0020260490077162,640
4,short,2,turbulent,72,0.0017079969484184,0.0014518180031616,0.0019949900725054,640
4,short,2,turbulent,73,0.0016807945689238,0.0014275298283156,0.0019648202078136,640
4,short,2,turbulent,74,0.0016543819174651,0.0014039658930518,0.0019355024581478,640
4,short,2,turbulent,75,0.0016287259896084,0.0013810953710283,0.0019070018697933,640
4,short,2,turbulent,76,0.0016037955704733,0.0013588891306815,0.0018792853578131,640
4,short,2,turbulent,77,0.001579561116027,0.0013373196215495,0.0018523215834754,640
4,short,2,turbulent,78,0.001555994643654,0.0013163607695599,0.0018260808411687,640
4,short,2,turbulent,79,0.0015330696311691,0.0012959878804735,0.0018005349539613,640
4,short,2,turbulent,80,0.0015107609235273,0.0012761775507541,0.0017756571770464,640
4,short,2,turbulent,81,0.0014890446465563,0.0012569075852122,0.0017514221083874,640
4,short,2,turbulent,82,0.0014678981271055,0.0012381569208303,0.0017278056059478,640
4,short,2,turbulent,83,0.001447299819063,0.0012199055562389,0.0017047847109467,640
4,short,2,turbulent,84,0.0014272292347466,0.0012021344863628,0.0016823375766354,640
4,short,2,turbulent,85,0.0014076668812187,0.0011848256418016,0.0016604434021401,640
4,short,2,turbulent,86,0.0013885942011215,0.0011679618325534,0.001639082370954,640
4,short,2,turbulent,87,0.0013699935176621,0.0011515266957226,0.0016182355937048,640
4,short,2,turbulent,88,0.0013518479834138,0.001135504646889,0.0015978850548547,640
4,short,2,turbulent,89,0.00133414153263,0.0011198808348443,0.0015780135630224,640
4,short,2,turbulent,90,0.0013168588367931,0.0011046410994286,0.0015586047046438,640
4,short,2,turbulent,91,0.001299985263146,0.0010897719322222,0.0015396428007136,640
4,short,2,turbulent,92,0.0012835068359773,0.0010752604398719,0.001521112866371,640
4,short,2,turbulent,93,0.0012674102004485,0.0010610943098487,0.001503000573116,640
4,short,2,turbulent,94,0.0012516825887727,0.0010472617784511,0.0014852922134568,640
4,short,2,turbulent,95,0.0012363117885684,0.0010337516008867,0.001467974667811,640
